parent_channel,rank,burst_start,burst_end,message_count,unique_participants,top1_share_pct,reply_ratio_pct,avg_reactions,channel_daily_rate,spike_ratio
28slotcommie,1,2021-04-25T01:05:49.453000+00:00,2021-04-25T22:54:48.168000+00:00,19,1,100.0,0.0,0.63,0.07,270.44
28slotcommie,2,2026-03-05T13:17:18.411000+00:00,2026-03-06T03:41:28.584000+00:00,13,4,53.8,30.8,0.08,0.07,185.04
28slotcommie,3,2021-09-03T01:22:41.608000+00:00,2021-09-03T01:29:37.459000+00:00,8,1,100.0,0.0,0.25,0.07,113.87
28slotcommie,4,2021-05-04T01:48:22.963000+00:00,2021-05-05T00:53:49.706000+00:00,7,2,85.7,0.0,1.86,0.07,99.63
28slotcommie,5,2021-05-06T01:28:31.991000+00:00,2021-05-07T01:16:24.103000+00:00,7,2,85.7,0.0,0.43,0.07,99.63
28slotcommie,6,2021-05-09T12:29:02.671000+00:00,2021-05-10T00:46:14.595000+00:00,6,1,100.0,0.0,0.0,0.07,85.4
28slotcommie,7,2021-05-16T14:12:41.013000+00:00,2021-05-16T14:57:57.616000+00:00,5,2,60.0,0.0,0.0,0.07,71.17
achievements,1,2021-01-18T04:41:34.323000+00:00,2021-01-18T22:00:36.461000+00:00,116,9,22.4,6.0,0.12,4.966,23.36
achievements,2,2022-01-22T23:49:03.879000+00:00,2022-01-23T02:56:27.879000+00:00,102,9,34.3,8.8,0.05,4.966,20.54
achievements,3,2025-11-19T18:15:19.338000+00:00,2025-11-20T17:58:26.199000+00:00,70,10,65.7,14.3,0.41,4.966,14.1
achievements,4,2020-10-06T19:43:56.674000+00:00,2020-10-07T15:20:50.027000+00:00,62,9,22.6,0.0,0.13,4.966,12.49
achievements,5,2023-04-04T04:45:42.062000+00:00,2023-04-05T00:35:12.424000+00:00,62,17,27.4,25.8,0.9,4.966,12.49
achievements,6,2021-08-23T22:50:38.671000+00:00,2021-08-24T06:19:05.321000+00:00,60,10,46.7,0.0,0.08,4.966,12.08
achievements,7,2024-11-12T00:26:52.587000+00:00,2024-11-12T19:33:13.038000+00:00,56,12,50.0,16.1,0.59,4.966,11.28
achievements,8,2022-03-13T03:23:57.108000+00:00,2022-03-14T01:19:34.455000+00:00,55,10,34.5,5.5,0.16,4.966,11.08
achievements,9,2021-06-11T21:33:28.633000+00:00,2021-06-12T20:42:24.826000+00:00,53,13,17.0,7.5,0.47,4.966,10.67
achievements,10,2021-05-18T17:54:20.413000+00:00,2021-05-19T15:59:08.578000+00:00,48,10,56.2,2.1,0.21,4.966,9.67
achievements,11,2021-09-23T23:36:45.538000+00:00,2021-09-24T23:24:01.507000+00:00,48,16,20.8,6.2,1.62,4.966,9.67
achievements,12,2021-11-06T18:44:26.324000+00:00,2021-11-07T16:51:16.482000+00:00,48,11,33.3,2.1,0.54,4.966,9.67
achievements,13,2024-04-02T21:02:40.311000+00:00,2024-04-03T18:12:56.217000+00:00,46,10,28.3,37.0,1.87,4.966,9.26
achievements,14,2021-11-09T22:02:30.685000+00:00,2021-11-10T20:10:20.570000+00:00,42,9,40.5,4.8,0.14,4.966,8.46
achievements,15,2020-10-15T21:17:47.180000+00:00,2020-10-16T20:38:07.676000+00:00,41,7,48.8,0.0,0.0,4.966,8.26
achievements,16,2021-05-01T20:08:43.729000+00:00,2021-05-02T19:51:27.552000+00:00,40,11,50.0,0.0,0.15,4.966,8.06
achievements,17,2021-12-17T19:33:04.475000+00:00,2021-12-18T18:36:32.864000+00:00,40,14,20.0,10.0,0.3,4.966,8.06
achievements,18,2021-08-20T07:36:21.153000+00:00,2021-08-21T03:55:14.643000+00:00,39,12,30.8,5.1,0.28,4.966,7.85
achievements,19,2022-01-09T15:02:00.158000+00:00,2022-01-10T14:48:20.423000+00:00,39,7,38.5,2.6,0.51,4.966,7.85
achievements,20,2022-01-07T04:42:04.278000+00:00,2022-01-08T00:09:51.334000+00:00,38,9,42.1,2.6,0.79,4.966,7.65
advice,1,2026-01-02T19:46:35.580000+00:00,2026-01-02T22:45:57.306000+00:00,167,10,47.3,10.2,0.29,2.423,68.92
advice,2,2021-07-02T11:42:18.104000+00:00,2021-07-03T07:37:20.435000+00:00,111,8,42.3,1.8,0.0,2.423,45.81
advice,3,2023-07-09T19:23:49.372000+00:00,2023-07-10T16:02:50.678000+00:00,102,9,30.4,6.9,0.07,2.423,42.09
advice,4,2023-09-20T21:08:05.903000+00:00,2023-09-21T17:09:01.103000+00:00,101,13,23.8,27.7,0.2,2.423,41.68
advice,5,2021-07-01T00:34:13.016000+00:00,2021-07-02T00:29:58.472000+00:00,97,11,44.3,2.1,0.0,2.423,40.03
advice,6,2024-11-22T17:28:55.048000+00:00,2024-11-22T17:57:56.986000+00:00,88,4,42.0,3.4,0.02,2.423,36.32
advice,7,2025-02-17T16:06:07.161000+00:00,2025-02-18T02:00:10.757000+00:00,74,5,51.4,6.8,0.0,2.423,30.54
advice,8,2025-03-15T22:56:22.919000+00:00,2025-03-16T22:54:52.210000+00:00,73,10,45.2,20.5,0.19,2.423,30.13
advice,9,2021-03-28T06:40:22.670000+00:00,2021-03-29T06:36:32.344000+00:00,67,3,43.3,1.5,0.0,2.423,27.65
advice,10,2025-03-13T00:15:05.573000+00:00,2025-03-13T15:56:26.273000+00:00,64,9,25.0,10.9,0.09,2.423,26.41
advice,11,2025-09-22T23:02:16.920000+00:00,2025-09-23T15:47:10.980000+00:00,64,7,46.9,12.5,0.03,2.423,26.41
advice,12,2025-09-05T20:07:47.670000+00:00,2025-09-06T19:20:29.780000+00:00,62,6,67.7,9.7,0.15,2.423,25.59
advice,13,2025-12-16T19:58:19.454000+00:00,2025-12-17T19:35:15.044000+00:00,62,12,22.6,22.6,0.37,2.423,25.59
advice,14,2023-10-26T07:10:43.137000+00:00,2023-10-26T22:30:53.024000+00:00,59,11,25.4,28.8,0.07,2.423,24.35
advice,15,2025-04-06T02:10:33.702000+00:00,2025-04-07T00:34:34.628000+00:00,59,9,52.5,13.6,0.36,2.423,24.35
advice,16,2025-03-27T12:16:59.410000+00:00,2025-03-27T20:36:01.079000+00:00,53,7,49.1,17.0,0.49,2.423,21.87
advice,17,2021-10-24T03:01:20.330000+00:00,2021-10-25T01:47:23.387000+00:00,52,3,38.5,0.0,0.0,2.423,21.46
advice,18,2025-09-24T21:29:34.011000+00:00,2025-09-25T21:27:37.390000+00:00,49,5,59.2,4.1,0.06,2.423,20.22
advice,19,2023-06-20T22:29:13.583000+00:00,2023-06-21T22:18:21.458000+00:00,48,10,27.1,8.3,0.08,2.423,19.81
advice,20,2025-02-27T20:39:10.464000+00:00,2025-02-28T19:30:22.430000+00:00,48,9,43.8,6.2,0.04,2.423,19.81
announcements,1,2023-05-20T18:51:00.586000+00:00,2023-05-21T05:09:14.361000+00:00,29,8,27.6,17.2,0.45,0.205,141.16
announcements,2,2023-05-01T16:19:00.218000+00:00,2023-05-02T02:04:41.503000+00:00,23,7,43.5,8.7,4.22,0.205,111.95
announcements,3,2026-01-12T07:38:03.500000+00:00,2026-01-13T02:13:20.477000+00:00,22,7,45.5,13.6,1.23,0.205,107.09
announcements,4,2023-05-27T09:04:33.756000+00:00,2023-05-28T02:43:00.988000+00:00,12,5,58.3,16.7,0.58,0.205,58.41
announcements,5,2025-03-03T08:23:41.712000+00:00,2025-03-03T21:32:44.937000+00:00,12,6,50.0,16.7,1.33,0.205,58.41
announcements,6,2024-04-22T00:48:42.461000+00:00,2024-04-22T01:22:07.686000+00:00,11,4,36.4,36.4,1.18,0.205,53.54
announcements,7,2024-04-12T12:06:52.828000+00:00,2024-04-13T10:31:27.637000+00:00,10,4,50.0,20.0,1.0,0.205,48.68
announcements,8,2026-07-08T14:30:36.517000+00:00,2026-07-08T18:29:27.694000+00:00,10,5,50.0,20.0,5.7,0.205,48.68
announcements,9,2023-07-05T22:52:27.006000+00:00,2023-07-06T22:00:24.218000+00:00,9,3,66.7,11.1,6.22,0.205,43.81
announcements,10,2024-01-13T17:38:04.592000+00:00,2024-01-13T18:05:01.974000+00:00,9,4,44.4,11.1,2.78,0.205,43.81
announcements,11,2023-09-12T21:04:51.699000+00:00,2023-09-13T00:00:03.446000+00:00,8,3,62.5,12.5,0.25,0.205,38.94
announcements,12,2023-07-11T19:21:05.759000+00:00,2023-07-12T18:33:50.108000+00:00,6,3,50.0,0.0,0.67,0.205,29.21
announcements,13,2023-06-25T23:17:35.685000+00:00,2023-06-26T00:02:00.625000+00:00,5,3,60.0,0.0,0.0,0.205,24.34
barrows-sisters,1,2024-06-12T19:38:54.649000+00:00,2024-06-13T19:21:10.551000+00:00,181,7,33.7,16.0,0.01,1.561,115.94
barrows-sisters,2,2025-11-21T02:18:55.449000+00:00,2025-11-21T22:10:29.273000+00:00,81,9,28.4,13.6,0.25,1.561,51.88
barrows-sisters,3,2023-11-01T19:04:06.993000+00:00,2023-11-02T18:41:33.959000+00:00,68,10,30.9,5.9,0.01,1.561,43.56
barrows-sisters,4,2024-06-04T00:02:43.726000+00:00,2024-06-04T21:01:56.016000+00:00,60,7,40.0,18.3,0.15,1.561,38.43
barrows-sisters,5,2024-05-26T23:09:33.855000+00:00,2024-05-27T23:08:11.268000+00:00,47,3,53.2,31.9,0.0,1.561,30.11
barrows-sisters,6,2023-11-07T19:55:28.175000+00:00,2023-11-08T19:22:08.707000+00:00,45,8,26.7,6.7,0.04,1.561,28.82
barrows-sisters,7,2025-04-16T10:56:06.884000+00:00,2025-04-17T10:46:02.047000+00:00,40,5,52.5,10.0,0.17,1.561,25.62
barrows-sisters,8,2024-04-29T00:30:18.144000+00:00,2024-04-29T16:52:17.563000+00:00,37,5,45.9,45.9,0.08,1.561,23.7
barrows-sisters,9,2024-07-30T18:25:53.194000+00:00,2024-07-30T19:44:31.575000+00:00,37,4,45.9,5.4,0.0,1.561,23.7
barrows-sisters,10,2024-05-13T18:17:48.883000+00:00,2024-05-14T16:39:25.412000+00:00,35,7,31.4,2.9,0.03,1.561,22.42
barrows-sisters,11,2026-01-02T01:44:00.516000+00:00,2026-01-02T18:53:26.944000+00:00,32,3,53.1,0.0,0.0,1.561,20.5
barrows-sisters,12,2023-12-18T02:31:08.566000+00:00,2023-12-19T01:45:40.260000+00:00,31,6,25.8,16.1,0.19,1.561,19.86
barrows-sisters,13,2024-04-19T17:03:23.691000+00:00,2024-04-20T00:46:38.649000+00:00,30,8,30.0,13.3,0.37,1.561,19.22
barrows-sisters,14,2023-10-21T00:59:56.001000+00:00,2023-10-21T21:04:06.150000+00:00,27,9,18.5,11.1,0.15,1.561,17.29
barrows-sisters,15,2023-10-31T17:54:29.252000+00:00,2023-11-01T14:15:52.830000+00:00,26,8,30.8,7.7,0.15,1.561,16.65
barrows-sisters,16,2023-10-06T22:31:31.813000+00:00,2023-10-07T22:24:50.926000+00:00,25,11,28.0,16.0,0.52,1.561,16.01
barrows-sisters,17,2024-03-17T01:23:37.826000+00:00,2024-03-17T03:00:44.904000+00:00,25,5,44.0,4.0,0.0,1.561,16.01
barrows-sisters,18,2024-06-06T15:38:48.405000+00:00,2024-06-07T06:17:52.835000+00:00,24,5,33.3,8.3,0.04,1.561,15.37
barrows-sisters,19,2024-04-30T22:23:07.239000+00:00,2024-05-01T20:24:16.845000+00:00,23,7,47.8,17.4,0.39,1.561,14.73
barrows-sisters,20,2024-10-05T09:54:29.057000+00:00,2024-10-05T20:52:48.215000+00:00,21,4,52.4,9.5,0.0,1.561,13.45
bossing-text-channel,1,2020-12-23T18:46:19.008000+00:00,2020-12-24T10:53:50.736000+00:00,170,10,36.5,0.0,0.02,0.84,202.3
bossing-text-channel,2,2021-04-21T23:12:50.253000+00:00,2021-04-21T23:39:26.951000+00:00,87,3,59.8,0.0,0.0,0.84,103.53
bossing-text-channel,3,2020-12-26T03:18:45.050000+00:00,2020-12-27T00:32:14.683000+00:00,70,10,24.3,0.0,0.0,0.84,83.3
bossing-text-channel,4,2020-12-11T23:36:55.634000+00:00,2020-12-12T23:19:25.307000+00:00,58,10,44.8,1.7,0.07,0.84,69.02
bossing-text-channel,5,2021-06-20T19:36:10.513000+00:00,2021-06-21T18:25:15.975000+00:00,52,10,34.6,1.9,0.06,0.84,61.88
bossing-text-channel,6,2021-03-20T17:31:13.601000+00:00,2021-03-21T14:02:16.018000+00:00,51,4,52.9,5.9,0.0,0.84,60.69
bossing-text-channel,7,2021-02-01T02:08:51.472000+00:00,2021-02-02T00:24:33.491000+00:00,47,8,34.0,0.0,0.04,0.84,55.93
bossing-text-channel,8,2020-12-28T00:33:43.805000+00:00,2020-12-28T22:50:39.271000+00:00,43,9,25.6,2.3,0.0,0.84,51.17
bossing-text-channel,9,2020-12-19T16:19:11.796000+00:00,2020-12-20T04:05:06.641000+00:00,41,8,65.9,0.0,0.05,0.84,48.79
bossing-text-channel,10,2021-01-02T20:55:32.521000+00:00,2021-01-02T21:45:44.079000+00:00,41,5,41.5,0.0,0.05,0.84,48.79
bossing-text-channel,11,2020-10-21T01:36:41.651000+00:00,2020-10-21T14:16:56.416000+00:00,37,6,40.5,0.0,0.03,0.84,44.03
bossing-text-channel,12,2020-12-05T19:35:57.809000+00:00,2020-12-06T19:35:46.978000+00:00,35,7,31.4,5.7,0.0,0.84,41.65
bossing-text-channel,13,2021-05-28T03:13:00.713000+00:00,2021-05-28T11:22:33.876000+00:00,32,4,62.5,0.0,0.0,0.84,38.08
bossing-text-channel,14,2021-10-04T13:01:05.893000+00:00,2021-10-04T23:18:05.284000+00:00,31,7,32.3,22.6,0.0,0.84,36.89
bossing-text-channel,15,2021-06-05T18:01:20.164000+00:00,2021-06-06T17:53:44.281000+00:00,30,6,33.3,0.0,0.0,0.84,35.7
bossing-text-channel,16,2021-08-06T05:36:24.410000+00:00,2021-08-06T15:55:51.989000+00:00,30,7,60.0,0.0,0.0,0.84,35.7
bossing-text-channel,17,2021-03-12T17:32:57.123000+00:00,2021-03-13T15:59:54.961000+00:00,24,5,50.0,4.2,0.04,0.84,28.56
bossing-text-channel,18,2020-11-15T19:53:54.963000+00:00,2020-11-15T20:01:08.551000+00:00,23,5,39.1,0.0,0.0,0.84,27.37
bossing-text-channel,19,2021-08-20T05:22:50.248000+00:00,2021-08-21T05:19:52.829000+00:00,23,8,47.8,8.7,0.0,0.84,27.37
bossing-text-channel,20,2021-10-09T09:50:32.192000+00:00,2021-10-09T22:58:20.058000+00:00,23,8,26.1,0.0,0.52,0.84,27.37
bot-commands,1,2026-04-07T01:07:14.348000+00:00,2026-04-08T00:26:48.957000+00:00,190,34,27.4,9.5,0.19,2.746,69.2
bot-commands,2,2026-07-13T03:12:06.614000+00:00,2026-07-13T10:30:34.143000+00:00,7,5,42.9,0.0,0.0,2.746,2.55
bot-commands,3,2026-06-09T01:18:35.914000+00:00,2026-06-09T12:55:37.381000+00:00,6,5,33.3,0.0,0.0,2.746,2.19
bot-commands,4,2026-04-09T15:38:36.938000+00:00,2026-04-10T05:29:40.645000+00:00,5,5,20.0,0.0,0.0,2.746,1.82
content-recs,1,2021-02-02T14:34:48.225000+00:00,2021-02-03T12:27:06.313000+00:00,309,13,33.7,6.1,0.07,1.585,194.97
content-recs,2,2023-04-01T19:11:27.889000+00:00,2023-04-02T19:11:13.071000+00:00,266,6,58.6,8.3,0.05,1.585,167.84
content-recs,3,2021-05-15T03:18:56.775000+00:00,2021-05-15T10:11:35.494000+00:00,234,5,48.7,3.8,0.0,1.585,147.65
content-recs,4,2021-06-15T01:22:49.722000+00:00,2021-06-15T23:35:28.487000+00:00,87,9,48.3,8.0,0.03,1.585,54.89
content-recs,5,2023-04-18T20:16:18.505000+00:00,2023-04-19T05:11:22.858000+00:00,78,2,89.7,9.0,0.0,1.585,49.22
content-recs,6,2026-01-20T06:36:01.405000+00:00,2026-01-21T06:19:43.310000+00:00,72,4,59.7,9.7,0.17,1.585,45.43
content-recs,7,2021-03-23T20:22:09.264000+00:00,2021-03-24T12:12:07.172000+00:00,51,7,33.3,5.9,0.08,1.585,32.18
content-recs,8,2022-02-21T20:17:01.891000+00:00,2022-02-21T22:16:33.869000+00:00,45,5,75.6,4.4,0.02,1.585,28.39
content-recs,9,2024-08-19T14:52:56.543000+00:00,2024-08-20T09:04:51.107000+00:00,45,10,31.1,8.9,0.11,1.585,28.39
content-recs,10,2022-09-10T18:11:47.516000+00:00,2022-09-11T10:31:42.815000+00:00,42,4,88.1,7.1,0.0,1.585,26.5
content-recs,11,2025-10-08T17:50:55.489000+00:00,2025-10-09T16:28:32.739000+00:00,37,11,29.7,10.8,0.22,1.585,23.35
content-recs,12,2021-03-11T00:06:36.411000+00:00,2021-03-12T00:01:37.816000+00:00,36,6,58.3,0.0,0.06,1.585,22.72
content-recs,13,2021-07-07T23:19:24.896000+00:00,2021-07-08T19:42:56.459000+00:00,36,12,22.2,2.8,0.19,1.585,22.72
content-recs,14,2023-04-24T07:59:51.628000+00:00,2023-04-25T00:30:09.206000+00:00,36,3,88.9,2.8,0.0,1.585,22.72
content-recs,15,2023-12-11T18:01:50.189000+00:00,2023-12-12T17:12:02.276000+00:00,35,8,31.4,20.0,0.14,1.585,22.08
content-recs,16,2023-11-18T03:12:00.735000+00:00,2023-11-18T06:11:21.925000+00:00,33,2,97.0,6.1,0.0,1.585,20.82
content-recs,17,2021-06-08T22:30:04.822000+00:00,2021-06-09T01:47:02.271000+00:00,31,5,48.4,22.6,0.03,1.585,19.56
content-recs,18,2026-06-01T16:52:07.939000+00:00,2026-06-01T22:17:38.480000+00:00,30,8,40.0,23.3,0.53,1.585,18.93
content-recs,19,2026-01-04T05:44:01.188000+00:00,2026-01-05T05:14:13.303000+00:00,26,7,42.3,3.8,0.12,1.585,16.41
content-recs,20,2022-01-14T01:27:33.796000+00:00,2022-01-14T04:07:01.702000+00:00,25,2,96.0,0.0,0.0,1.585,15.77
cooking-guild,1,2023-02-09T23:30:39.451000+00:00,2023-02-10T23:22:04.548000+00:00,53,9,43.4,15.1,0.06,1.737,30.52
cooking-guild,2,2023-11-02T15:55:24.040000+00:00,2023-11-03T15:53:24.100000+00:00,49,7,51.0,12.2,0.22,1.737,28.21
cooking-guild,3,2026-03-07T16:02:11.485000+00:00,2026-03-08T01:49:45.069000+00:00,49,8,32.7,12.2,0.39,1.737,28.21
cooking-guild,4,2023-02-21T23:55:58.093000+00:00,2023-02-22T14:49:58.939000+00:00,46,11,21.7,4.3,0.04,1.737,26.49
cooking-guild,5,2024-03-11T19:59:05.430000+00:00,2024-03-12T06:37:57.197000+00:00,43,5,53.5,11.6,0.0,1.737,24.76
cooking-guild,6,2023-03-27T18:54:50.165000+00:00,2023-03-28T18:33:19.005000+00:00,41,10,19.5,14.6,0.15,1.737,23.61
cooking-guild,7,2023-02-18T06:41:51.557000+00:00,2023-02-19T06:25:17.085000+00:00,40,13,20.0,20.0,0.47,1.737,23.03
cooking-guild,8,2026-03-25T22:24:20.057000+00:00,2026-03-26T08:10:01.388000+00:00,40,4,67.5,12.5,0.2,1.737,23.03
cooking-guild,9,2023-03-09T23:50:22.510000+00:00,2023-03-10T20:21:53.406000+00:00,39,8,25.6,2.6,0.26,1.737,22.46
cooking-guild,10,2023-06-28T22:42:34.818000+00:00,2023-06-29T15:28:02.155000+00:00,38,10,31.6,15.8,0.21,1.737,21.88
cooking-guild,11,2023-11-20T00:44:32.119000+00:00,2023-11-20T21:21:06.789000+00:00,38,14,15.8,5.3,0.37,1.737,21.88
cooking-guild,12,2023-03-30T19:44:38.215000+00:00,2023-03-31T05:22:26.332000+00:00,35,6,40.0,14.3,0.03,1.737,20.15
cooking-guild,13,2023-07-15T22:03:39.559000+00:00,2023-07-16T21:52:26.845000+00:00,33,9,33.3,24.2,0.12,1.737,19.0
cooking-guild,14,2023-11-01T02:30:19.523000+00:00,2023-11-02T01:53:40.519000+00:00,32,7,37.5,12.5,0.0,1.737,18.43
cooking-guild,15,2023-06-09T11:31:18.627000+00:00,2023-06-10T08:47:02.134000+00:00,31,11,32.3,6.5,0.13,1.737,17.85
cooking-guild,16,2023-03-23T18:54:06.701000+00:00,2023-03-24T10:49:04.963000+00:00,30,7,26.7,10.0,0.1,1.737,17.27
cooking-guild,17,2023-10-29T02:14:34.564000+00:00,2023-10-29T23:40:20.891000+00:00,30,7,50.0,16.7,0.13,1.737,17.27
cooking-guild,18,2022-06-18T18:20:36.744000+00:00,2022-06-19T18:19:15.310000+00:00,29,8,41.4,31.0,0.07,1.737,16.7
cooking-guild,19,2022-03-18T00:22:02.728000+00:00,2022-03-18T20:44:45.636000+00:00,28,7,39.3,3.6,0.46,1.737,16.12
cooking-guild,20,2026-01-24T19:33:59.222000+00:00,2026-01-25T03:19:40.888000+00:00,28,4,53.6,17.9,0.57,1.737,16.12
cox-resources,1,2021-06-20T04:42:56.934000+00:00,2021-06-20T07:22:27.037000+00:00,12,1,100.0,0.0,0.08,0.01,1170.14
cursed-liberal-content,1,2021-01-28T00:35:46.070000+00:00,2021-01-28T23:36:06.744000+00:00,367,15,22.1,6.5,0.1,8.157,44.99
cursed-liberal-content,2,2025-12-11T01:01:30.823000+00:00,2025-12-12T00:15:38.698000+00:00,337,18,58.2,14.5,0.5,8.157,41.32
cursed-liberal-content,3,2024-03-27T18:31:55.451000+00:00,2024-03-28T18:31:54.714000+00:00,308,16,30.5,19.2,0.17,8.157,37.76
cursed-liberal-content,4,2025-12-18T22:03:44.791000+00:00,2025-12-19T03:40:14.739000+00:00,218,9,47.7,8.7,0.13,8.157,26.73
cursed-liberal-content,5,2021-02-09T20:25:08.592000+00:00,2021-02-10T20:24:32.867000+00:00,214,8,31.8,4.2,0.09,8.157,26.24
cursed-liberal-content,6,2025-10-09T02:28:55.198000+00:00,2025-10-10T02:16:12.283000+00:00,195,20,20.0,20.0,0.51,8.157,23.91
cursed-liberal-content,7,2021-01-23T23:30:36.989000+00:00,2021-01-24T22:41:40.976000+00:00,187,10,26.2,7.5,0.17,8.157,22.93
cursed-liberal-content,8,2021-09-14T14:59:56.925000+00:00,2021-09-15T14:57:54.748000+00:00,163,8,49.7,7.4,0.07,8.157,19.98
cursed-liberal-content,9,2025-10-21T06:53:33.349000+00:00,2025-10-22T06:05:01.784000+00:00,142,22,16.2,22.5,0.96,8.157,17.41
cursed-liberal-content,10,2023-03-15T23:39:37.446000+00:00,2023-03-16T21:01:28.271000+00:00,137,12,44.5,3.6,0.0,8.157,16.8
cursed-liberal-content,11,2023-02-24T11:03:39.452000+00:00,2023-02-25T02:23:30.564000+00:00,125,9,51.2,3.2,0.1,8.157,15.32
cursed-liberal-content,12,2025-07-11T21:06:59.441000+00:00,2025-07-12T20:36:31.246000+00:00,125,17,31.2,28.8,0.76,8.157,15.32
cursed-liberal-content,13,2021-06-14T02:24:11.106000+00:00,2021-06-15T00:10:51.202000+00:00,109,10,42.2,2.8,0.03,8.157,13.36
cursed-liberal-content,14,2021-01-26T16:28:12.759000+00:00,2021-01-27T16:19:04.126000+00:00,99,10,21.2,7.1,0.06,8.157,12.14
cursed-liberal-content,15,2021-02-11T22:10:02.232000+00:00,2021-02-12T21:41:50.426000+00:00,90,11,16.7,17.8,0.06,8.157,11.03
cursed-liberal-content,16,2020-10-24T13:07:05.969000+00:00,2020-10-24T20:27:10.662000+00:00,89,7,34.8,0.0,0.04,8.157,10.91
cursed-liberal-content,17,2023-04-19T10:06:16.919000+00:00,2023-04-20T08:57:40.642000+00:00,89,11,29.2,12.4,0.09,8.157,10.91
cursed-liberal-content,18,2025-07-25T05:10:12.694000+00:00,2025-07-25T20:02:59.437000+00:00,86,11,53.5,9.3,0.17,8.157,10.54
cursed-liberal-content,19,2023-02-13T12:25:42.541000+00:00,2023-02-14T10:05:14.665000+00:00,84,10,41.7,14.3,0.13,8.157,10.3
cursed-liberal-content,20,2025-11-04T13:44:19.669000+00:00,2025-11-05T13:24:18.073000+00:00,83,14,30.1,10.8,0.4,8.157,10.18
dank-tank,1,2023-01-30T01:28:21.482000+00:00,2023-01-30T21:59:03.939000+00:00,66,10,30.3,4.5,0.12,0.932,70.83
dank-tank,2,2025-11-29T06:12:54.619000+00:00,2025-11-30T00:29:53.512000+00:00,52,7,25.0,21.2,0.12,0.932,55.81
dank-tank,3,2021-04-19T18:48:08.327000+00:00,2021-04-20T17:06:11.756000+00:00,49,11,51.0,0.0,0.12,0.932,52.59
dank-tank,4,2021-01-24T17:51:07.086000+00:00,2021-01-25T15:42:45.836000+00:00,41,5,36.6,0.0,0.02,0.932,44.0
dank-tank,5,2021-03-19T17:15:55.400000+00:00,2021-03-19T22:55:59.419000+00:00,36,7,33.3,0.0,0.03,0.932,38.64
dank-tank,6,2021-04-05T17:36:00.329000+00:00,2021-04-06T15:50:04.571000+00:00,35,3,77.1,0.0,0.0,0.932,37.56
dank-tank,7,2023-02-14T20:00:53.873000+00:00,2023-02-15T19:58:07.946000+00:00,33,12,30.3,3.0,0.24,0.932,35.42
dank-tank,8,2021-03-03T22:29:09.108000+00:00,2021-03-04T22:13:01.232000+00:00,31,9,38.7,0.0,0.0,0.932,33.27
dank-tank,9,2022-01-19T15:17:04.299000+00:00,2022-01-19T18:51:23.002000+00:00,31,7,29.0,6.5,0.13,0.932,33.27
dank-tank,10,2023-04-20T14:20:16.858000+00:00,2023-04-21T03:03:37.343000+00:00,30,12,20.0,6.7,0.3,0.932,32.2
dank-tank,11,2022-03-12T03:49:36.803000+00:00,2022-03-12T13:33:45.652000+00:00,28,2,60.7,0.0,0.07,0.932,30.05
dank-tank,12,2023-01-16T19:48:38.590000+00:00,2023-01-17T03:36:52.519000+00:00,27,3,55.6,14.8,0.11,0.932,28.98
dank-tank,13,2025-11-27T15:27:13.754000+00:00,2025-11-28T10:52:33.661000+00:00,25,4,52.0,0.0,0.0,0.932,26.83
dank-tank,14,2025-05-20T03:39:52.402000+00:00,2025-05-20T21:00:26.649000+00:00,24,4,70.8,25.0,0.17,0.932,25.76
dank-tank,15,2026-05-01T20:23:48.243000+00:00,2026-05-01T23:57:37.162000+00:00,24,5,41.7,12.5,0.12,0.932,25.76
dank-tank,16,2021-10-15T23:34:05.588000+00:00,2021-10-16T17:14:08.923000+00:00,23,6,30.4,8.7,0.04,0.932,24.68
dank-tank,17,2021-06-22T17:22:07.254000+00:00,2021-06-23T01:47:21.851000+00:00,22,4,50.0,9.1,0.18,0.932,23.61
dank-tank,18,2023-03-04T23:35:09.894000+00:00,2023-03-05T22:55:17.561000+00:00,21,6,28.6,19.0,0.05,0.932,22.54
dank-tank,19,2024-04-03T17:11:02.022000+00:00,2024-04-04T14:20:04.601000+00:00,21,6,47.6,14.3,0.29,0.932,22.54
dank-tank,20,2023-01-12T22:03:27.928000+00:00,2023-01-13T21:14:45.929000+00:00,20,7,30.0,5.0,0.2,0.932,21.46
edgeville,1,2026-02-11T17:10:31.190000+00:00,2026-02-12T16:46:34.548000+00:00,893,26,14.3,19.6,0.26,21.274,41.98
edgeville,2,2021-12-07T03:23:48.812000+00:00,2021-12-08T00:53:48.428000+00:00,521,15,19.6,10.2,0.06,21.274,24.49
edgeville,3,2023-02-14T10:15:14.569000+00:00,2023-02-15T06:27:04.241000+00:00,479,18,28.4,10.6,0.07,21.274,22.52
edgeville,4,2023-09-25T12:55:47.140000+00:00,2023-09-26T11:59:08.793000+00:00,427,20,24.8,9.4,0.14,21.274,20.07
edgeville,5,2025-12-03T05:43:42.970000+00:00,2025-12-04T03:13:01.307000+00:00,349,27,22.1,12.6,0.39,21.274,16.4
edgeville,6,2023-04-10T23:46:41.585000+00:00,2023-04-11T22:38:07.237000+00:00,289,23,28.0,10.4,0.3,21.274,13.58
edgeville,7,2021-10-15T10:47:56.934000+00:00,2021-10-16T07:29:03.785000+00:00,281,16,32.4,5.3,0.03,21.274,13.21
edgeville,8,2026-06-04T13:14:11.840000+00:00,2026-06-05T12:59:37.663000+00:00,280,19,19.3,16.4,0.25,21.274,13.16
edgeville,9,2021-06-25T14:20:24.541000+00:00,2021-06-26T11:19:34.855000+00:00,270,15,31.1,3.3,0.07,21.274,12.69
edgeville,10,2023-01-20T06:49:18.027000+00:00,2023-01-21T05:56:31.605000+00:00,239,19,16.3,10.0,0.13,21.274,11.23
edgeville,11,2026-06-16T15:23:03.892000+00:00,2026-06-17T15:10:15.949000+00:00,238,20,21.8,13.9,0.22,21.274,11.19
edgeville,12,2026-05-29T15:27:32.896000+00:00,2026-05-30T14:45:07.413000+00:00,224,15,26.3,14.3,0.19,21.274,10.53
edgeville,13,2022-11-22T08:57:54.652000+00:00,2022-11-23T08:22:51.111000+00:00,219,22,18.3,9.1,0.14,21.274,10.29
edgeville,14,2021-09-22T00:42:50.764000+00:00,2021-09-23T00:40:27.421000+00:00,218,21,17.0,6.0,0.06,21.274,10.25
edgeville,15,2024-09-13T18:13:38.489000+00:00,2024-09-14T17:55:51.537000+00:00,218,15,36.7,15.6,0.06,21.274,10.25
edgeville,16,2021-06-11T01:22:58.219000+00:00,2021-06-11T20:41:05.727000+00:00,203,14,40.4,6.9,0.04,21.274,9.54
edgeville,17,2021-04-21T20:19:07.787000+00:00,2021-04-22T19:26:20.536000+00:00,202,17,26.2,4.0,0.02,21.274,9.5
edgeville,18,2023-03-27T15:32:23.209000+00:00,2023-03-28T15:32:15.842000+00:00,191,23,14.7,8.9,0.26,21.274,8.98
edgeville,19,2023-04-03T15:41:50.737000+00:00,2023-04-04T15:37:17.613000+00:00,187,18,25.1,19.3,0.21,21.274,8.79
edgeville,20,2023-09-13T20:42:44.053000+00:00,2023-09-14T19:25:40.601000+00:00,187,21,16.0,11.8,0.1,21.274,8.79
events,1,2022-07-30T16:33:56.451000+00:00,2022-07-31T15:04:16.011000+00:00,107,17,29.9,5.6,0.02,4.952,21.61
events,2,2021-06-01T23:25:28.190000+00:00,2021-06-02T23:19:37.918000+00:00,92,10,40.2,8.7,0.21,4.952,18.58
events,3,2023-01-31T16:57:43.992000+00:00,2023-02-01T16:36:24.880000+00:00,84,11,26.2,25.0,0.11,4.952,16.96
events,4,2021-01-11T20:15:55.091000+00:00,2021-01-12T19:14:41.960000+00:00,77,8,29.9,3.9,0.08,4.952,15.55
events,5,2020-12-26T21:24:55.520000+00:00,2020-12-27T20:41:12.163000+00:00,75,13,34.7,1.3,0.15,4.952,15.14
events,6,2021-09-20T21:31:16.211000+00:00,2021-09-21T20:02:46.006000+00:00,73,14,26.0,9.6,0.34,4.952,14.74
events,7,2020-12-19T22:07:31.841000+00:00,2020-12-20T22:04:34.050000+00:00,72,9,31.9,4.2,0.03,4.952,14.54
events,8,2020-11-14T20:52:46.806000+00:00,2020-11-15T19:54:43.068000+00:00,70,8,31.4,1.4,0.03,4.952,14.14
events,9,2021-02-05T20:08:52.103000+00:00,2021-02-06T19:47:57.600000+00:00,70,12,18.6,2.9,0.13,4.952,14.14
events,10,2023-05-03T17:59:22.851000+00:00,2023-05-03T19:46:15.564000+00:00,69,12,37.7,33.3,0.25,4.952,13.93
events,11,2022-08-06T08:50:34.568000+00:00,2022-08-07T04:05:25.524000+00:00,68,10,30.9,1.5,0.34,4.952,13.73
events,12,2020-10-05T20:47:04.267000+00:00,2020-10-06T15:06:09.216000+00:00,67,7,38.8,0.0,0.15,4.952,13.53
events,13,2022-10-10T04:42:06.741000+00:00,2022-10-10T21:39:45.073000+00:00,60,15,35.0,20.0,0.27,4.952,12.12
events,14,2023-02-26T18:04:43.196000+00:00,2023-02-27T17:17:57.762000+00:00,58,8,36.2,6.9,2.57,4.952,11.71
events,15,2023-07-01T15:39:36.389000+00:00,2023-07-02T14:00:05.758000+00:00,57,9,28.1,8.8,0.07,4.952,11.51
events,16,2021-10-02T09:33:23.627000+00:00,2021-10-03T04:25:34.992000+00:00,56,12,33.9,12.5,0.14,4.952,11.31
events,17,2024-01-21T22:49:07.645000+00:00,2024-01-22T17:30:38.216000+00:00,56,12,30.4,10.7,0.73,4.952,11.31
events,18,2020-12-25T05:56:32.672000+00:00,2020-12-26T05:19:46.356000+00:00,55,10,23.6,9.1,0.13,4.952,11.11
events,19,2020-12-02T02:36:06.560000+00:00,2020-12-03T02:30:36.853000+00:00,53,9,37.7,7.5,0.68,4.952,10.7
events,20,2023-02-03T21:41:43.922000+00:00,2023-02-04T21:17:03.130000+00:00,51,14,21.6,11.8,0.27,4.952,10.3
fashionscape,1,2021-04-27T04:46:10.028000+00:00,2021-04-28T03:51:06.287000+00:00,244,12,45.1,6.6,0.11,1.19,205.0
fashionscape,2,2021-04-01T18:05:02.364000+00:00,2021-04-02T18:01:14.501000+00:00,111,8,36.9,2.7,0.09,1.19,93.26
fashionscape,3,2021-01-27T05:34:53.458000+00:00,2021-01-27T22:46:41.111000+00:00,105,7,54.3,2.9,0.04,1.19,88.22
fashionscape,4,2021-01-14T22:48:00.899000+00:00,2021-01-14T23:00:51.933000+00:00,54,3,46.3,0.0,0.0,1.19,45.37
fashionscape,5,2022-12-22T03:33:35.414000+00:00,2022-12-23T01:23:57.835000+00:00,42,7,61.9,0.0,0.05,1.19,35.29
fashionscape,6,2021-05-03T00:06:40.584000+00:00,2021-05-03T22:35:12.771000+00:00,38,6,68.4,5.3,0.11,1.19,31.93
fashionscape,7,2021-06-03T20:44:09.813000+00:00,2021-06-04T20:29:31.794000+00:00,37,10,51.4,5.4,0.3,1.19,31.09
fashionscape,8,2021-01-19T10:38:21.054000+00:00,2021-01-20T02:37:09.935000+00:00,36,10,22.2,2.8,0.92,1.19,30.25
fashionscape,9,2026-03-05T23:03:26.500000+00:00,2026-03-06T21:38:01.999000+00:00,36,8,30.6,13.9,0.83,1.19,30.25
fashionscape,10,2021-02-09T09:19:35.128000+00:00,2021-02-10T03:44:18.983000+00:00,33,7,30.3,6.1,0.27,1.19,27.73
fashionscape,11,2021-06-12T21:45:24.769000+00:00,2021-06-13T18:49:24.580000+00:00,33,10,42.4,12.1,0.67,1.19,27.73
fashionscape,12,2021-01-21T05:18:26.578000+00:00,2021-01-22T02:25:20.452000+00:00,32,9,21.9,3.1,0.25,1.19,26.89
fashionscape,13,2020-12-31T10:43:14.616000+00:00,2020-12-31T20:12:30.810000+00:00,31,8,29.0,0.0,0.06,1.19,26.05
fashionscape,14,2021-03-28T11:19:33.390000+00:00,2021-03-29T11:08:38.038000+00:00,31,8,32.3,6.5,0.16,1.19,26.05
fashionscape,15,2021-03-10T23:31:09.130000+00:00,2021-03-11T23:21:07.435000+00:00,26,9,30.8,19.2,0.04,1.19,21.84
fashionscape,16,2021-03-25T19:11:22.284000+00:00,2021-03-26T15:37:50.344000+00:00,25,9,28.0,0.0,0.0,1.19,21.0
fashionscape,17,2020-11-19T02:51:23.255000+00:00,2020-11-20T02:33:32.770000+00:00,24,7,25.0,4.2,0.04,1.19,20.16
fashionscape,18,2021-06-09T17:03:58.565000+00:00,2021-06-10T16:01:29.066000+00:00,24,5,66.7,0.0,0.33,1.19,20.16
fashionscape,19,2021-05-25T22:44:19.456000+00:00,2021-05-26T16:47:08.801000+00:00,22,9,45.5,0.0,0.68,1.19,18.48
fashionscape,20,2023-02-01T00:29:41.310000+00:00,2023-02-01T06:40:22.296000+00:00,22,5,45.5,4.5,0.0,1.19,18.48
general,1,2024-05-27T20:41:59.324000+00:00,2024-05-28T20:40:57.627000+00:00,673,24,37.9,21.8,0.18,29.877,22.53
general,2,2020-10-04T13:43:00.879000+00:00,2020-10-05T12:53:33.115000+00:00,609,14,23.6,0.0,0.21,29.877,20.38
general,3,2026-06-25T02:19:28.572000+00:00,2026-06-26T00:17:29.892000+00:00,464,38,26.3,14.7,0.66,29.877,15.53
general,4,2025-12-10T18:15:08.153000+00:00,2025-12-11T17:57:29.900000+00:00,422,22,32.9,11.4,0.16,29.877,14.12
general,5,2021-03-11T14:12:14.227000+00:00,2021-03-12T14:00:50.030000+00:00,420,14,18.6,8.6,0.09,29.877,14.06
general,6,2024-06-03T23:19:38.376000+00:00,2024-06-04T23:18:20.516000+00:00,404,15,33.9,10.6,0.08,29.877,13.52
general,7,2021-12-08T16:24:38.484000+00:00,2021-12-09T16:24:03.152000+00:00,390,27,22.1,13.1,0.17,29.877,13.05
general,8,2023-06-29T17:28:59.651000+00:00,2023-06-30T16:53:06.755000+00:00,351,22,26.8,6.3,0.12,29.877,11.75
general,9,2020-10-03T00:00:30.361000+00:00,2020-10-03T23:55:47.833000+00:00,345,8,28.1,0.0,0.12,29.877,11.55
general,10,2024-07-17T02:21:38.155000+00:00,2024-07-18T02:18:17.998000+00:00,309,26,25.6,17.8,0.14,29.877,10.34
general,11,2020-11-16T20:56:08.546000+00:00,2020-11-17T15:34:36.971000+00:00,302,12,16.6,0.0,0.07,29.877,10.11
general,12,2026-02-09T14:32:17.505000+00:00,2026-02-10T12:52:22.683000+00:00,263,35,19.4,24.3,0.68,29.877,8.8
general,13,2023-02-20T19:34:39.789000+00:00,2023-02-21T18:46:09.556000+00:00,258,20,26.7,9.3,0.13,29.877,8.64
general,14,2021-05-30T16:26:34.912000+00:00,2021-05-31T14:59:55.549000+00:00,256,14,60.5,4.3,0.21,29.877,8.57
general,15,2020-10-06T13:36:46.335000+00:00,2020-10-07T13:14:23.587000+00:00,238,9,18.5,0.0,0.16,29.877,7.97
general,16,2022-10-28T02:00:41.491000+00:00,2022-10-29T00:15:10.618000+00:00,237,18,20.7,10.5,0.11,29.877,7.93
general,17,2022-11-22T09:41:33.669000+00:00,2022-11-23T08:42:19.260000+00:00,236,24,21.2,9.7,0.16,29.877,7.9
general,18,2022-03-03T17:41:15.668000+00:00,2022-03-04T17:28:39.111000+00:00,232,18,32.3,6.0,0.12,29.877,7.77
general,19,2023-04-04T10:45:38.875000+00:00,2023-04-05T04:26:44.132000+00:00,231,19,39.8,10.0,0.12,29.877,7.73
general,20,2024-07-21T23:11:07.078000+00:00,2024-07-22T21:41:30.273000+00:00,218,17,33.5,21.1,0.43,29.877,7.3
general-leftist-stuff,1,2023-03-18T21:03:58.336000+00:00,2023-03-19T21:03:48.737000+00:00,578,19,35.5,26.8,0.13,10.933,52.87
general-leftist-stuff,2,2023-03-02T21:33:33.492000+00:00,2023-03-03T21:28:25.002000+00:00,517,14,29.4,15.5,0.08,10.933,47.29
general-leftist-stuff,3,2023-03-21T02:09:26.079000+00:00,2023-03-22T02:03:07.054000+00:00,490,20,55.7,11.6,0.27,10.933,44.82
general-leftist-stuff,4,2023-02-25T01:36:49.264000+00:00,2023-02-26T01:32:29.009000+00:00,400,11,42.8,9.5,0.05,10.933,36.59
general-leftist-stuff,5,2025-06-17T21:48:57.635000+00:00,2025-06-18T20:39:56.276000+00:00,374,19,40.4,17.4,0.25,10.933,34.21
general-leftist-stuff,6,2026-01-03T07:49:28.453000+00:00,2026-01-04T01:14:53.040000+00:00,314,23,33.8,16.9,0.22,10.933,28.72
general-leftist-stuff,7,2025-06-20T06:38:51.572000+00:00,2025-06-21T04:20:57.335000+00:00,255,20,36.1,14.5,0.22,10.933,23.32
general-leftist-stuff,8,2021-01-30T07:43:14.127000+00:00,2021-01-31T05:35:27.039000+00:00,248,9,28.2,12.9,0.22,10.933,22.68
general-leftist-stuff,9,2025-06-23T17:13:40.806000+00:00,2025-06-24T17:10:47.306000+00:00,245,16,19.6,23.7,0.18,10.933,22.41
general-leftist-stuff,10,2024-08-23T11:40:16.352000+00:00,2024-08-24T01:53:20.299000+00:00,221,17,40.7,13.6,0.22,10.933,20.21
general-leftist-stuff,11,2026-06-19T17:34:56.703000+00:00,2026-06-20T07:46:56.997000+00:00,188,19,30.9,13.3,0.29,10.933,17.2
general-leftist-stuff,12,2022-06-24T14:45:59.231000+00:00,2022-06-25T13:47:14.039000+00:00,180,15,28.3,18.9,0.26,10.933,16.46
general-leftist-stuff,13,2023-03-07T19:01:20.704000+00:00,2023-03-08T18:16:48.286000+00:00,159,4,59.1,23.3,0.01,10.933,14.54
general-leftist-stuff,14,2023-03-13T07:25:03.421000+00:00,2023-03-14T06:02:53.496000+00:00,157,7,46.5,25.5,0.14,10.933,14.36
general-leftist-stuff,15,2026-01-30T17:35:02.398000+00:00,2026-01-31T17:15:31.100000+00:00,149,17,40.9,27.5,0.42,10.933,13.63
general-leftist-stuff,16,2021-12-31T03:25:09.225000+00:00,2022-01-01T02:31:26.505000+00:00,147,5,51.7,3.4,0.03,10.933,13.45
general-leftist-stuff,17,2021-05-25T00:04:56.702000+00:00,2021-05-25T22:13:37.857000+00:00,145,9,57.2,7.6,0.01,10.933,13.26
general-leftist-stuff,18,2026-01-08T11:36:51.390000+00:00,2026-01-09T09:45:01.583000+00:00,142,14,38.7,7.7,0.24,10.933,12.99
general-leftist-stuff,19,2021-02-12T10:03:07.048000+00:00,2021-02-13T01:39:08.561000+00:00,134,9,29.1,6.0,0.08,10.933,12.26
general-leftist-stuff,20,2021-07-12T21:09:01.763000+00:00,2021-07-13T09:01:05.514000+00:00,132,11,47.0,19.7,0.23,10.933,12.07
good-news,1,2026-04-09T00:52:51.933000+00:00,2026-04-09T23:33:27.313000+00:00,31,12,29.0,29.0,3.55,1.818,17.05
good-news,2,2026-03-19T16:48:09.208000+00:00,2026-03-20T15:38:44.558000+00:00,27,11,14.8,25.9,3.85,1.818,14.85
good-news,3,2026-03-22T16:13:25.821000+00:00,2026-03-23T12:52:11.974000+00:00,16,9,18.8,31.2,3.44,1.818,8.8
good-news,4,2026-04-15T01:16:31.621000+00:00,2026-04-15T17:30:12.526000+00:00,13,6,53.8,23.1,1.92,1.818,7.15
good-news,5,2026-06-13T16:00:12.434000+00:00,2026-06-14T13:10:15.831000+00:00,10,4,40.0,30.0,1.9,1.818,5.5
good-news,6,2026-04-03T20:06:18.949000+00:00,2026-04-04T17:31:12.639000+00:00,8,5,37.5,25.0,5.88,1.818,4.4
good-news,7,2026-04-12T18:45:53.728000+00:00,2026-04-13T15:53:43.968000+00:00,7,3,57.1,14.3,5.57,1.818,3.85
good-news,8,2026-06-07T18:29:05.186000+00:00,2026-06-08T12:57:38.462000+00:00,7,3,42.9,14.3,0.57,1.818,3.85
good-news,9,2026-06-25T22:54:34.042000+00:00,2026-06-26T22:51:40.371000+00:00,6,4,33.3,33.3,10.33,1.818,3.3
good-news,10,2026-07-14T19:55:35.829000+00:00,2026-07-15T19:21:41.571000+00:00,6,5,33.3,16.7,9.67,1.818,3.3
good-news,11,2026-03-26T01:30:42.791000+00:00,2026-03-26T19:15:11.754000+00:00,5,4,40.0,20.0,2.0,1.818,2.75
good-news,12,2026-04-22T01:49:11.825000+00:00,2026-04-22T18:26:13.932000+00:00,5,4,40.0,0.0,8.2,1.818,2.75
good-news,13,2026-05-07T07:48:44.280000+00:00,2026-05-08T05:08:07.778000+00:00,5,5,20.0,0.0,6.8,1.818,2.75
good-news,14,2026-06-11T16:06:13.666000+00:00,2026-06-11T16:16:03.201000+00:00,5,2,80.0,20.0,0.0,1.818,2.75
guide-of-blood,1,2021-02-13T20:00:19.813000+00:00,2021-02-14T15:32:44.880000+00:00,44,1,100.0,0.0,0.14,0.024,1852.77
head-pats,1,2024-02-16T03:39:15.784000+00:00,2024-02-17T02:11:27.733000+00:00,94,13,36.2,17.0,0.31,1.804,52.1
head-pats,2,2020-12-13T16:52:04.635000+00:00,2020-12-13T18:34:56.557000+00:00,78,4,64.1,1.3,0.03,1.804,43.23
head-pats,3,2023-02-07T04:48:11.349000+00:00,2023-02-08T03:59:38.407000+00:00,47,9,38.3,8.5,0.23,1.804,26.05
head-pats,4,2022-03-16T02:16:47.314000+00:00,2022-03-17T02:13:18.144000+00:00,38,12,23.7,15.8,0.58,1.804,21.06
head-pats,5,2021-08-30T17:18:14.868000+00:00,2021-08-31T12:32:06.684000+00:00,37,7,35.1,5.4,0.08,1.804,20.51
head-pats,6,2021-04-29T12:21:24.112000+00:00,2021-04-29T20:56:47.559000+00:00,33,9,27.3,9.1,0.12,1.804,18.29
head-pats,7,2024-07-24T05:32:17.734000+00:00,2024-07-24T17:26:52.062000+00:00,32,10,46.9,28.1,0.25,1.804,17.74
head-pats,8,2021-02-16T03:02:05.973000+00:00,2021-02-16T15:38:13.487000+00:00,31,4,54.8,0.0,0.06,1.804,17.18
head-pats,9,2023-06-04T16:41:49.477000+00:00,2023-06-05T10:34:53.974000+00:00,31,6,58.1,0.0,0.42,1.804,17.18
head-pats,10,2021-12-25T01:07:38.988000+00:00,2021-12-25T23:30:40.985000+00:00,30,6,43.3,3.3,0.07,1.804,16.63
head-pats,11,2021-01-24T17:12:31.313000+00:00,2021-01-25T14:19:14.317000+00:00,29,7,27.6,0.0,0.38,1.804,16.07
head-pats,12,2021-07-16T04:33:18.011000+00:00,2021-07-16T18:49:57.969000+00:00,27,4,70.4,0.0,0.0,1.804,14.96
head-pats,13,2021-04-12T21:08:13.521000+00:00,2021-04-12T21:59:36.238000+00:00,24,4,45.8,12.5,0.0,1.804,13.3
head-pats,14,2022-03-18T05:46:24.187000+00:00,2022-03-18T22:14:13.696000+00:00,21,5,33.3,9.5,1.24,1.804,11.64
head-pats,15,2021-03-23T01:36:39.230000+00:00,2021-03-23T22:26:40.450000+00:00,20,7,35.0,10.0,0.1,1.804,11.08
head-pats,16,2022-03-14T15:21:44.104000+00:00,2022-03-15T13:12:46.639000+00:00,20,8,30.0,25.0,0.7,1.804,11.08
head-pats,17,2021-12-18T16:39:38.486000+00:00,2021-12-19T01:08:37.807000+00:00,19,7,42.1,5.3,0.16,1.804,10.53
head-pats,18,2022-12-30T00:59:12.649000+00:00,2022-12-30T19:07:52.879000+00:00,19,6,42.1,0.0,1.16,1.804,10.53
head-pats,19,2023-05-06T19:44:35.402000+00:00,2023-05-07T18:53:22.081000+00:00,19,8,47.4,10.5,0.95,1.804,10.53
head-pats,20,2025-09-23T13:45:56.793000+00:00,2025-09-24T01:47:04.274000+00:00,19,4,57.9,10.5,0.0,1.804,10.53
irl-fashionscape,1,2021-12-01T18:45:51.604000+00:00,2021-12-02T18:11:08.617000+00:00,108,12,35.2,21.3,0.29,1.235,87.45
irl-fashionscape,2,2022-01-27T08:27:51.614000+00:00,2022-01-28T08:04:59.119000+00:00,45,5,44.4,2.2,0.33,1.235,36.44
irl-fashionscape,3,2022-01-07T03:29:25.769000+00:00,2022-01-07T03:55:59.317000+00:00,43,3,48.8,0.0,0.02,1.235,34.82
irl-fashionscape,4,2021-10-15T10:40:19.505000+00:00,2021-10-16T08:37:43.460000+00:00,34,13,26.5,17.6,0.62,1.235,27.53
irl-fashionscape,5,2023-02-17T23:37:06.082000+00:00,2023-02-18T08:57:12.153000+00:00,34,12,29.4,23.5,1.41,1.235,27.53
irl-fashionscape,6,2021-09-27T01:26:39.471000+00:00,2021-09-27T18:05:01.741000+00:00,29,11,24.1,13.8,0.62,1.235,23.48
irl-fashionscape,7,2023-01-21T10:51:18.826000+00:00,2023-01-21T14:10:37.876000+00:00,28,3,82.1,0.0,0.43,1.235,22.67
irl-fashionscape,8,2021-09-29T04:16:35.651000+00:00,2021-09-30T00:17:18.385000+00:00,27,7,40.7,0.0,0.15,1.235,21.86
irl-fashionscape,9,2021-06-30T17:12:59.440000+00:00,2021-07-01T12:20:38.665000+00:00,26,9,19.2,23.1,1.31,1.235,21.05
irl-fashionscape,10,2022-03-23T22:59:51.723000+00:00,2022-03-24T14:28:25.430000+00:00,26,7,26.9,7.7,0.31,1.235,21.05
irl-fashionscape,11,2023-02-21T01:59:18.189000+00:00,2023-02-22T00:10:08.082000+00:00,25,7,52.0,8.0,0.76,1.235,20.24
irl-fashionscape,12,2025-03-06T02:19:00.761000+00:00,2025-03-06T14:03:42.926000+00:00,24,7,62.5,45.8,1.21,1.235,19.43
irl-fashionscape,13,2022-01-10T05:05:04.623000+00:00,2022-01-11T04:28:45.683000+00:00,22,6,40.9,4.5,0.14,1.235,17.81
irl-fashionscape,14,2021-09-23T22:33:14.805000+00:00,2021-09-24T22:15:05.218000+00:00,21,7,33.3,0.0,0.86,1.235,17.0
irl-fashionscape,15,2021-10-05T14:56:28.754000+00:00,2021-10-06T12:28:33.759000+00:00,21,9,33.3,9.5,0.29,1.235,17.0
irl-fashionscape,16,2022-02-24T13:30:13.841000+00:00,2022-02-25T04:22:44.296000+00:00,20,11,15.0,25.0,0.7,1.235,16.19
irl-fashionscape,17,2025-05-05T02:58:39.692000+00:00,2025-05-05T06:39:17.518000+00:00,20,2,50.0,0.0,0.15,1.235,16.19
irl-fashionscape,18,2022-01-03T12:58:34.702000+00:00,2022-01-03T23:32:42.849000+00:00,18,7,27.8,16.7,0.67,1.235,14.57
irl-fashionscape,19,2023-02-23T04:20:28.153000+00:00,2023-02-24T00:42:56.716000+00:00,18,7,33.3,11.1,0.67,1.235,14.57
irl-fashionscape,20,2023-05-23T17:30:56.601000+00:00,2023-05-24T13:02:22.012000+00:00,18,8,27.8,16.7,2.28,1.235,14.57
join-portal,1,2026-03-03T18:55:43.285000+00:00,2026-03-04T18:15:42.149000+00:00,12,9,16.7,83.3,0.25,1.621,7.4
join-portal,2,2026-04-04T02:11:44.649000+00:00,2026-04-05T00:18:33.732000+00:00,12,8,16.7,83.3,0.42,1.621,7.4
join-portal,3,2026-04-15T19:23:10.585000+00:00,2026-04-16T19:10:05.805000+00:00,12,7,33.3,75.0,0.25,1.621,7.4
join-portal,4,2026-03-10T01:54:00.573000+00:00,2026-03-10T21:12:38.800000+00:00,11,8,18.2,72.7,0.64,1.621,6.79
join-portal,5,2026-04-07T17:05:45.203000+00:00,2026-04-08T14:57:17.514000+00:00,10,7,30.0,70.0,0.3,1.621,6.17
join-portal,6,2026-03-23T14:28:42.804000+00:00,2026-03-23T22:29:18.738000+00:00,9,7,22.2,66.7,0.44,1.621,5.55
join-portal,7,2026-05-22T18:55:43.757000+00:00,2026-05-23T11:25:33.858000+00:00,8,6,37.5,62.5,0.75,1.621,4.94
join-portal,8,2026-05-27T14:59:02.182000+00:00,2026-05-28T04:32:00.133000+00:00,7,5,28.6,71.4,0.57,1.621,4.32
join-portal,9,2026-03-07T21:48:01.732000+00:00,2026-03-08T00:57:34.465000+00:00,6,6,16.7,83.3,0.17,1.621,3.7
join-portal,10,2026-03-16T23:43:46.827000+00:00,2026-03-17T12:33:13.869000+00:00,6,5,33.3,83.3,0.33,1.621,3.7
join-portal,11,2026-03-28T17:43:30.872000+00:00,2026-03-29T02:55:55.332000+00:00,6,6,16.7,83.3,0.5,1.621,3.7
join-portal,12,2026-05-01T16:32:30.063000+00:00,2026-05-01T18:47:17.597000+00:00,6,4,50.0,83.3,0.67,1.621,3.7
join-portal,13,2026-05-11T12:57:10.973000+00:00,2026-05-12T06:35:52.085000+00:00,6,5,33.3,66.7,0.67,1.621,3.7
join-portal,14,2026-06-16T17:18:37.024000+00:00,2026-06-16T21:35:21.923000+00:00,6,5,33.3,66.7,0.0,1.621,3.7
join-portal,15,2026-06-24T02:52:14.946000+00:00,2026-06-24T18:12:31.440000+00:00,6,4,33.3,66.7,0.67,1.621,3.7
join-portal,16,2026-03-30T18:47:55.818000+00:00,2026-03-30T20:19:54.349000+00:00,5,5,20.0,80.0,0.4,1.621,3.09
join-portal,17,2026-04-13T00:27:58.259000+00:00,2026-04-13T12:15:53.172000+00:00,5,5,20.0,80.0,0.4,1.621,3.09
join-portal,18,2026-05-03T07:22:54.506000+00:00,2026-05-04T03:30:02.236000+00:00,5,4,40.0,60.0,0.0,1.621,3.09
join-portal,19,2026-07-03T02:36:57.456000+00:00,2026-07-03T22:46:13.842000+00:00,5,4,40.0,60.0,0.8,1.621,3.09
leftscape-library,1,2021-01-01T00:03:41.781000+00:00,2021-01-01T23:33:19.360000+00:00,229,10,41.5,10.5,0.17,0.672,340.94
leftscape-library,2,2021-02-22T15:33:05.440000+00:00,2021-02-23T00:28:56.966000+00:00,57,5,47.4,0.0,0.0,0.672,84.86
leftscape-library,3,2021-03-27T20:46:59.330000+00:00,2021-03-28T19:17:10.951000+00:00,54,5,42.6,3.7,0.06,0.672,80.4
leftscape-library,4,2021-04-01T00:38:28.709000+00:00,2021-04-01T23:24:28.652000+00:00,50,7,46.0,12.0,0.0,0.672,74.44
leftscape-library,5,2020-12-30T22:34:47.669000+00:00,2020-12-31T16:27:21.479000+00:00,44,5,31.8,2.3,0.09,0.672,65.51
leftscape-library,6,2021-01-21T14:32:59.613000+00:00,2021-01-21T18:36:23.720000+00:00,40,7,25.0,7.5,0.7,0.672,59.55
leftscape-library,7,2022-03-18T16:35:24.831000+00:00,2022-03-19T11:56:19.756000+00:00,33,6,51.5,6.1,0.09,0.672,49.13
leftscape-library,8,2021-06-10T18:08:53.321000+00:00,2021-06-11T01:18:58.593000+00:00,32,5,50.0,3.1,0.0,0.672,47.64
leftscape-library,9,2022-05-23T21:07:09.303000+00:00,2022-05-24T13:15:11.219000+00:00,32,8,31.2,15.6,0.12,0.672,47.64
leftscape-library,10,2025-01-15T23:59:51.738000+00:00,2025-01-16T06:18:38.570000+00:00,28,9,25.0,28.6,0.5,0.672,41.69
leftscape-library,11,2020-12-29T14:44:11.751000+00:00,2020-12-30T01:04:00.068000+00:00,23,6,47.8,0.0,0.0,0.672,34.24
leftscape-library,12,2021-03-04T18:47:28.335000+00:00,2021-03-05T18:09:04.621000+00:00,21,11,28.6,4.8,0.24,0.672,31.27
leftscape-library,13,2021-06-30T13:57:54.458000+00:00,2021-06-30T18:33:05.763000+00:00,21,4,66.7,9.5,0.0,0.672,31.27
leftscape-library,14,2022-09-21T04:45:13.896000+00:00,2022-09-21T22:39:56.099000+00:00,21,5,57.1,28.6,0.29,0.672,31.27
leftscape-library,15,2021-05-11T17:35:41.771000+00:00,2021-05-12T16:03:55.103000+00:00,17,4,41.2,17.6,0.0,0.672,25.31
leftscape-library,16,2023-07-04T06:31:08.860000+00:00,2023-07-04T13:51:39.997000+00:00,17,4,47.1,11.8,0.35,0.672,25.31
leftscape-library,17,2021-02-02T03:53:13.162000+00:00,2021-02-02T18:29:25.816000+00:00,16,4,56.2,12.5,0.19,0.672,23.82
leftscape-library,18,2021-11-16T17:43:22.659000+00:00,2021-11-17T13:43:45.457000+00:00,16,4,43.8,12.5,0.25,0.672,23.82
leftscape-library,19,2022-01-08T15:20:06.698000+00:00,2022-01-09T07:53:10.175000+00:00,15,4,33.3,6.7,0.2,0.672,22.33
leftscape-library,20,2022-05-15T13:00:27.719000+00:00,2022-05-15T22:02:34.076000+00:00,15,3,40.0,13.3,0.0,0.672,22.33
looking-for-group,1,2022-01-12T16:13:46.734000+00:00,2022-01-13T11:42:50.714000+00:00,157,10,25.5,10.2,0.04,4.692,33.46
looking-for-group,2,2021-12-27T23:09:35.185000+00:00,2021-12-28T22:19:05.989000+00:00,148,12,31.8,4.1,0.01,4.692,31.54
looking-for-group,3,2021-12-15T13:25:10.336000+00:00,2021-12-16T12:27:31.771000+00:00,111,10,37.8,4.5,0.05,4.692,23.66
looking-for-group,4,2021-12-08T19:08:05.936000+00:00,2021-12-09T17:09:08.440000+00:00,98,12,32.7,4.1,0.08,4.692,20.88
looking-for-group,5,2021-12-19T23:22:19.137000+00:00,2021-12-20T23:20:06.203000+00:00,94,10,30.9,2.1,0.05,4.692,20.03
looking-for-group,6,2021-11-23T16:54:20.211000+00:00,2021-11-24T16:52:06.146000+00:00,82,17,35.4,8.5,0.0,4.692,17.48
looking-for-group,7,2021-12-25T22:56:16.056000+00:00,2021-12-26T21:37:18.052000+00:00,78,13,39.7,6.4,0.04,4.692,16.62
looking-for-group,8,2022-01-11T09:06:12.623000+00:00,2022-01-11T20:06:48.226000+00:00,65,8,38.5,9.2,0.02,4.692,13.85
looking-for-group,9,2023-04-04T00:28:20.958000+00:00,2023-04-04T23:33:46.892000+00:00,62,13,32.3,9.7,0.1,4.692,13.21
looking-for-group,10,2021-12-22T00:30:51.898000+00:00,2021-12-22T22:06:36.306000+00:00,61,9,32.8,6.6,0.25,4.692,13.0
looking-for-group,11,2021-07-05T05:43:44.665000+00:00,2021-07-05T20:20:58.858000+00:00,59,9,33.9,1.7,0.07,4.692,12.57
looking-for-group,12,2022-01-18T16:59:38.648000+00:00,2022-01-19T06:26:20.344000+00:00,57,8,29.8,5.3,0.11,4.692,12.15
looking-for-group,13,2022-08-25T02:22:58.462000+00:00,2022-08-26T01:42:58.382000+00:00,57,7,31.6,1.8,0.04,4.692,12.15
looking-for-group,14,2021-12-05T19:38:16.145000+00:00,2021-12-06T18:21:27.958000+00:00,55,11,20.0,7.3,0.05,4.692,11.72
looking-for-group,15,2022-01-07T16:57:57.738000+00:00,2022-01-08T16:38:21.536000+00:00,55,9,32.7,7.3,0.02,4.692,11.72
looking-for-group,16,2021-09-30T04:51:14.567000+00:00,2021-10-01T04:04:06.270000+00:00,54,6,33.3,3.7,0.0,4.692,11.51
looking-for-group,17,2023-05-10T15:21:11.563000+00:00,2023-05-11T14:26:26.245000+00:00,54,8,31.5,9.3,0.11,4.692,11.51
looking-for-group,18,2022-03-19T10:41:31.442000+00:00,2022-03-19T13:51:27.771000+00:00,53,5,35.8,9.4,0.04,4.692,11.29
looking-for-group,19,2022-12-23T04:14:49.029000+00:00,2022-12-24T03:00:56.846000+00:00,51,11,35.3,11.8,0.0,4.692,10.87
looking-for-group,20,2021-10-19T23:43:23.615000+00:00,2021-10-20T15:57:09.213000+00:00,47,6,38.3,8.5,0.02,4.692,10.02
media,1,2025-12-16T04:44:12.463000+00:00,2025-12-17T03:56:05.286000+00:00,221,13,28.1,16.7,0.12,3.678,60.08
media,2,2026-02-03T06:51:12.974000+00:00,2026-02-03T23:57:39.770000+00:00,39,3,94.9,5.1,0.18,3.678,10.6
media,3,2025-12-18T20:45:30.311000+00:00,2025-12-19T18:43:31.452000+00:00,38,10,28.9,23.7,0.71,3.678,10.33
media,4,2025-12-20T18:47:41.776000+00:00,2025-12-21T14:44:36.566000+00:00,29,12,20.7,20.7,0.17,3.678,7.88
media,5,2026-05-11T18:58:35.419000+00:00,2026-05-12T18:16:14.421000+00:00,22,5,40.9,4.5,0.0,3.678,5.98
media,6,2026-02-09T19:02:25.796000+00:00,2026-02-10T16:38:19.732000+00:00,17,5,47.1,11.8,0.0,3.678,4.62
media,7,2026-02-14T00:14:00.568000+00:00,2026-02-14T20:29:01.003000+00:00,17,5,29.4,11.8,0.0,3.678,4.62
media,8,2026-04-01T17:00:54.161000+00:00,2026-04-02T13:56:46.637000+00:00,17,5,41.2,5.9,0.06,3.678,4.62
media,9,2026-02-05T01:05:15.316000+00:00,2026-02-06T00:00:13.128000+00:00,16,6,25.0,25.0,0.06,3.678,4.35
media,10,2026-02-16T17:46:23.782000+00:00,2026-02-17T16:53:12.124000+00:00,15,6,26.7,13.3,0.07,3.678,4.08
media,11,2026-06-20T00:46:17.761000+00:00,2026-06-20T13:39:31.055000+00:00,15,3,53.3,13.3,0.07,3.678,4.08
media,12,2026-03-09T22:50:04.927000+00:00,2026-03-10T20:19:31.620000+00:00,14,4,50.0,0.0,0.07,3.678,3.81
media,13,2025-12-24T00:57:07.499000+00:00,2025-12-24T22:27:02.011000+00:00,13,4,38.5,0.0,0.0,3.678,3.53
media,14,2025-12-22T17:23:22.190000+00:00,2025-12-23T17:16:41.992000+00:00,11,5,36.4,18.2,0.09,3.678,2.99
media,15,2026-01-07T04:30:15.278000+00:00,2026-01-07T21:50:43.191000+00:00,11,5,36.4,0.0,0.27,3.678,2.99
media,16,2026-03-23T16:01:49.513000+00:00,2026-03-24T15:05:47.493000+00:00,11,6,27.3,9.1,0.0,3.678,2.99
media,17,2026-06-10T16:06:14.369000+00:00,2026-06-11T14:09:32.491000+00:00,10,2,70.0,20.0,0.2,3.678,2.72
media,18,2026-07-09T23:08:46.473000+00:00,2026-07-09T23:54:29.318000+00:00,10,4,50.0,10.0,0.2,3.678,2.72
media,19,2026-01-02T15:29:18.718000+00:00,2026-01-02T18:11:03.725000+00:00,9,3,44.4,11.1,0.44,3.678,2.45
media,20,2026-03-13T01:31:42.365000+00:00,2026-03-13T20:06:27.828000+00:00,9,3,44.4,22.2,0.22,3.678,2.45
meme-queens,1,2025-01-12T19:13:59.400000+00:00,2025-01-13T19:03:53.037000+00:00,1375,13,45.4,0.5,0.11,29.564,46.51
meme-queens,2,2026-01-16T04:26:31.612000+00:00,2026-01-17T04:21:57.901000+00:00,805,18,47.6,0.6,0.07,29.564,27.23
meme-queens,3,2025-01-01T21:18:22.643000+00:00,2025-01-02T21:17:46.153000+00:00,801,10,48.2,0.7,0.06,29.564,27.09
meme-queens,4,2024-09-07T16:12:21.991000+00:00,2024-09-08T15:49:32.168000+00:00,685,11,48.3,1.0,0.05,29.564,23.17
meme-queens,5,2025-12-30T03:32:30.123000+00:00,2025-12-31T01:58:26.758000+00:00,521,16,44.9,0.4,0.12,29.564,17.62
meme-queens,6,2025-05-06T19:27:19.632000+00:00,2025-05-07T18:48:05.698000+00:00,469,13,48.2,0.0,0.09,29.564,15.86
meme-queens,7,2025-10-28T14:27:58.594000+00:00,2025-10-29T14:24:25.223000+00:00,467,20,45.4,1.7,0.15,29.564,15.8
meme-queens,8,2025-12-17T20:51:30.182000+00:00,2025-12-18T20:51:26.976000+00:00,456,16,44.7,1.3,0.17,29.564,15.42
meme-queens,9,2026-05-27T19:20:26.155000+00:00,2026-05-28T17:43:23.799000+00:00,407,12,48.4,0.5,0.05,29.564,13.77
meme-queens,10,2025-04-23T17:35:45.674000+00:00,2025-04-24T17:24:00.058000+00:00,371,15,45.3,2.2,0.08,29.564,12.55
meme-queens,11,2024-01-18T03:50:44.061000+00:00,2024-01-19T03:47:00.771000+00:00,355,16,30.4,2.3,0.09,29.564,12.01
meme-queens,12,2026-01-07T21:30:38.205000+00:00,2026-01-08T21:02:55.744000+00:00,304,18,44.4,1.0,0.09,29.564,10.28
meme-queens,13,2021-07-09T15:16:09.003000+00:00,2021-07-10T14:55:36.088000+00:00,299,14,36.1,8.0,0.13,29.564,10.11
meme-queens,14,2025-03-01T17:37:39.293000+00:00,2025-03-02T17:30:13.437000+00:00,288,20,42.0,3.1,0.08,29.564,9.74
meme-queens,15,2023-08-23T21:57:37.687000+00:00,2023-08-24T21:37:57.105000+00:00,276,6,49.6,0.4,0.03,29.564,9.34
meme-queens,16,2024-01-12T21:52:11.531000+00:00,2024-01-13T21:51:06.927000+00:00,271,24,18.8,7.7,0.13,29.564,9.17
meme-queens,17,2025-01-10T18:19:18.317000+00:00,2025-01-11T18:19:15.819000+00:00,269,11,47.2,0.4,0.12,29.564,9.1
meme-queens,18,2026-01-02T12:31:51.609000+00:00,2026-01-03T11:39:35.214000+00:00,268,17,41.8,0.7,0.19,29.564,9.07
meme-queens,19,2025-02-17T19:59:42.112000+00:00,2025-02-18T19:53:18.939000+00:00,265,13,43.8,0.4,0.09,29.564,8.96
meme-queens,20,2025-12-22T01:49:38.907000+00:00,2025-12-23T01:09:55.628000+00:00,260,13,44.2,0.4,0.22,29.564,8.79
mod-guidelines,1,2022-04-20T14:27:00.833000+00:00,2022-04-20T14:32:13.998000+00:00,11,1,100.0,0.0,0.0,0.01,1100.0
music-capes-only,1,2021-01-28T13:00:36.288000+00:00,2021-01-29T12:50:13.453000+00:00,203,8,47.8,1.5,0.08,5.109,39.73
music-capes-only,2,2023-01-22T15:10:01.079000+00:00,2023-01-23T15:09:36.100000+00:00,153,8,36.6,9.2,0.08,5.109,29.95
music-capes-only,3,2021-04-20T20:20:49.291000+00:00,2021-04-21T14:37:03.858000+00:00,147,5,54.4,6.8,0.03,5.109,28.77
music-capes-only,4,2023-11-30T12:33:54.028000+00:00,2023-12-01T02:02:09.095000+00:00,123,10,34.1,10.6,0.07,5.109,24.07
music-capes-only,5,2023-11-24T20:52:48.997000+00:00,2023-11-25T20:21:20.225000+00:00,114,10,32.5,9.6,0.02,5.109,22.31
music-capes-only,6,2020-12-29T03:41:19.901000+00:00,2020-12-30T01:27:54.637000+00:00,100,8,31.0,2.0,0.0,5.109,19.57
music-capes-only,7,2020-12-05T07:55:03.138000+00:00,2020-12-05T17:37:54.801000+00:00,92,5,51.1,0.0,0.01,5.109,18.01
music-capes-only,8,2024-07-02T09:25:23.196000+00:00,2024-07-02T12:10:07.192000+00:00,92,2,81.5,1.1,0.02,5.109,18.01
music-capes-only,9,2022-02-24T17:22:53.040000+00:00,2022-02-24T18:42:20.535000+00:00,78,5,42.3,5.1,0.06,5.109,15.27
music-capes-only,10,2023-05-03T23:17:52.019000+00:00,2023-05-04T23:01:22.149000+00:00,78,18,21.8,3.8,0.14,5.109,15.27
music-capes-only,11,2023-03-06T11:36:08.598000+00:00,2023-03-07T06:56:50.994000+00:00,72,10,25.0,18.1,0.06,5.109,14.09
music-capes-only,12,2023-02-17T19:02:53.177000+00:00,2023-02-18T18:25:16.811000+00:00,69,12,24.6,13.0,0.06,5.109,13.51
music-capes-only,13,2023-10-27T00:48:50.118000+00:00,2023-10-28T00:42:46.707000+00:00,66,9,21.2,30.3,0.18,5.109,12.92
music-capes-only,14,2024-03-29T21:58:29.833000+00:00,2024-03-30T18:21:25.163000+00:00,66,7,43.9,6.1,0.17,5.109,12.92
music-capes-only,15,2023-03-04T20:29:36.326000+00:00,2023-03-05T19:18:03.127000+00:00,63,8,33.3,30.2,0.22,5.109,12.33
music-capes-only,16,2023-04-04T17:44:46.018000+00:00,2023-04-05T12:53:04.221000+00:00,61,4,49.2,9.8,0.03,5.109,11.94
music-capes-only,17,2023-03-21T09:49:24.022000+00:00,2023-03-22T02:25:05.729000+00:00,60,9,45.0,10.0,0.08,5.109,11.74
music-capes-only,18,2020-10-24T19:36:12.204000+00:00,2020-10-25T19:12:42.560000+00:00,58,7,48.3,0.0,0.05,5.109,11.35
music-capes-only,19,2020-12-01T22:33:05.931000+00:00,2020-12-02T03:10:35.134000+00:00,52,6,42.3,0.0,0.13,5.109,10.18
music-capes-only,20,2023-08-03T04:31:58.455000+00:00,2023-08-04T03:15:58.175000+00:00,51,10,31.4,7.8,0.12,5.109,9.98
office-hours,1,2021-09-27T03:39:17.777000+00:00,2021-09-28T03:39:13.872000+00:00,457,19,52.3,2.4,0.04,4.178,109.38
office-hours,2,2021-10-04T04:31:05.713000+00:00,2021-10-05T04:25:38.239000+00:00,251,17,33.1,6.0,0.06,4.178,60.08
office-hours,3,2021-01-06T21:29:43.649000+00:00,2021-01-07T21:15:54.044000+00:00,185,9,29.2,4.9,0.05,4.178,44.28
office-hours,4,2021-09-30T21:48:02.929000+00:00,2021-10-01T21:03:44.280000+00:00,176,17,25.6,5.1,0.01,4.178,42.13
office-hours,5,2021-09-29T03:48:48.138000+00:00,2021-09-30T03:12:11.806000+00:00,172,14,33.7,5.8,0.05,4.178,41.17
office-hours,6,2021-09-21T06:31:38.405000+00:00,2021-09-22T06:15:22.426000+00:00,162,15,21.0,4.9,0.07,4.178,38.78
office-hours,7,2021-10-07T04:17:10.793000+00:00,2021-10-08T04:11:56.922000+00:00,162,16,24.7,4.3,0.1,4.178,38.78
office-hours,8,2021-01-03T22:35:04.251000+00:00,2021-01-04T22:27:54.170000+00:00,157,8,31.2,0.0,0.01,4.178,37.58
office-hours,9,2021-11-05T02:39:01.412000+00:00,2021-11-05T23:46:18.974000+00:00,148,18,15.5,6.8,0.11,4.178,35.42
office-hours,10,2020-12-30T03:41:29.880000+00:00,2020-12-31T03:39:43.275000+00:00,141,10,24.1,0.0,0.06,4.178,33.75
office-hours,11,2021-09-25T16:45:52.299000+00:00,2021-09-26T16:06:45.198000+00:00,139,17,19.4,5.0,0.02,4.178,33.27
office-hours,12,2021-10-25T14:24:06.122000+00:00,2021-10-26T10:20:58.978000+00:00,135,16,22.2,3.7,0.12,4.178,32.31
office-hours,13,2021-01-02T00:06:20.138000+00:00,2021-01-02T23:50:44.671000+00:00,129,12,51.2,0.8,0.02,4.178,30.88
office-hours,14,2021-09-14T20:46:07.657000+00:00,2021-09-15T20:35:46.828000+00:00,124,14,24.2,2.4,0.26,4.178,29.68
office-hours,15,2021-11-09T21:12:11.496000+00:00,2021-11-10T12:29:07.968000+00:00,121,14,26.4,4.1,0.02,4.178,28.96
office-hours,16,2021-09-19T15:16:59.822000+00:00,2021-09-20T13:56:33.141000+00:00,111,13,35.1,4.5,0.01,4.178,26.57
office-hours,17,2021-01-22T13:08:05.403000+00:00,2021-01-23T12:36:02.807000+00:00,105,10,35.2,1.0,0.14,4.178,25.13
office-hours,18,2021-06-28T13:06:31.840000+00:00,2021-06-29T11:36:31.118000+00:00,105,12,27.6,6.7,0.02,4.178,25.13
office-hours,19,2021-08-16T23:01:28.902000+00:00,2021-08-17T22:55:07.349000+00:00,105,11,46.7,1.0,0.04,4.178,25.13
office-hours,20,2021-09-23T23:36:04.807000+00:00,2021-09-24T23:29:35.697000+00:00,93,16,22.6,5.4,0.04,4.178,22.26
other-games,1,2024-01-28T18:26:22.071000+00:00,2024-01-29T18:22:24.896000+00:00,238,8,54.2,4.2,0.02,3.821,62.3
other-games,2,2021-05-27T03:19:51.339000+00:00,2021-05-28T03:14:56.511000+00:00,151,7,38.4,3.3,0.11,3.821,39.52
other-games,3,2024-09-04T02:45:46.371000+00:00,2024-09-05T00:33:18.905000+00:00,135,12,46.7,12.6,0.0,3.821,35.34
other-games,4,2021-03-12T03:53:51.944000+00:00,2021-03-12T07:22:38.104000+00:00,124,5,37.1,0.8,0.02,3.821,32.46
other-games,5,2024-01-16T18:52:57.590000+00:00,2024-01-17T05:31:48.052000+00:00,106,5,46.2,0.9,0.0,3.821,27.74
other-games,6,2024-03-15T10:37:35.902000+00:00,2024-03-16T08:39:16.224000+00:00,90,15,35.6,20.0,0.12,3.821,23.56
other-games,7,2024-02-05T18:19:29.898000+00:00,2024-02-06T18:13:51.437000+00:00,87,7,69.0,11.5,0.0,3.821,22.77
other-games,8,2023-03-20T17:02:05.263000+00:00,2023-03-20T19:51:41+00:00,76,6,44.7,10.5,0.03,3.821,19.89
other-games,9,2025-12-08T18:06:43.675000+00:00,2025-12-08T20:42:23.214000+00:00,72,2,68.1,4.2,0.0,3.821,18.85
other-games,10,2021-05-31T05:18:20.860000+00:00,2021-06-01T02:32:23.370000+00:00,69,9,69.6,5.8,0.1,3.821,18.06
other-games,11,2024-12-08T17:34:33.290000+00:00,2024-12-09T00:36:31.960000+00:00,67,5,70.1,1.5,0.0,3.821,17.54
other-games,12,2024-03-28T17:13:57.989000+00:00,2024-03-29T02:49:51.075000+00:00,64,8,51.6,9.4,0.02,3.821,16.75
other-games,13,2021-04-19T18:59:48.086000+00:00,2021-04-20T15:07:27.068000+00:00,62,7,33.9,17.7,0.02,3.821,16.23
other-games,14,2024-08-16T12:18:33.577000+00:00,2024-08-17T02:00:37.707000+00:00,62,6,54.8,8.1,0.02,3.821,16.23
other-games,15,2021-07-15T03:09:15.945000+00:00,2021-07-15T15:05:58.167000+00:00,61,4,44.3,9.8,0.03,3.821,15.97
other-games,16,2026-06-10T02:55:15.663000+00:00,2026-06-10T22:35:09.708000+00:00,61,7,37.7,23.0,0.03,3.821,15.97
other-games,17,2025-09-16T08:20:46.563000+00:00,2025-09-17T03:35:19.899000+00:00,60,6,80.0,3.3,0.05,3.821,15.7
other-games,18,2024-01-27T10:37:18.705000+00:00,2024-01-28T07:54:29.922000+00:00,59,6,74.6,8.5,0.0,3.821,15.44
other-games,19,2021-05-03T18:45:52.810000+00:00,2021-05-04T18:07:52.958000+00:00,57,13,15.8,12.3,0.44,3.821,14.92
other-games,20,2026-07-16T15:47:11.007000+00:00,2026-07-16T22:13:30.107000+00:00,57,3,38.6,0.0,0.0,3.821,14.92
our-hobbies,1,2022-09-08T19:34:25.957000+00:00,2022-09-08T23:21:07.073000+00:00,124,5,43.5,9.7,0.0,1.648,75.23
our-hobbies,2,2025-03-07T20:49:16.919000+00:00,2025-03-08T20:02:57.962000+00:00,114,4,63.2,8.8,0.08,1.648,69.16
our-hobbies,3,2025-11-11T23:31:46.108000+00:00,2025-11-12T23:00:04.725000+00:00,82,6,54.9,17.1,0.1,1.648,49.75
our-hobbies,4,2022-09-10T22:37:19.737000+00:00,2022-09-11T16:34:23.051000+00:00,65,4,43.1,1.5,0.05,1.648,39.44
our-hobbies,5,2025-04-07T13:25:09.365000+00:00,2025-04-08T12:47:47.762000+00:00,64,4,82.8,9.4,0.12,1.648,38.83
our-hobbies,6,2025-03-09T20:08:08.184000+00:00,2025-03-10T16:23:29.693000+00:00,61,4,70.5,11.5,0.0,1.648,37.01
our-hobbies,7,2022-12-30T23:43:07.956000+00:00,2022-12-31T22:36:24.826000+00:00,53,5,58.5,13.2,0.09,1.648,32.15
our-hobbies,8,2024-01-31T01:57:33.397000+00:00,2024-01-31T21:46:21.719000+00:00,41,6,53.7,9.8,0.12,1.648,24.87
our-hobbies,9,2022-08-01T18:42:31.047000+00:00,2022-08-02T14:01:05.219000+00:00,40,8,42.5,0.0,0.3,1.648,24.27
our-hobbies,10,2023-06-21T23:24:44.208000+00:00,2023-06-22T22:11:43.109000+00:00,30,6,46.7,30.0,0.2,1.648,18.2
our-hobbies,11,2026-01-13T01:44:58.473000+00:00,2026-01-13T22:13:59.872000+00:00,30,5,50.0,16.7,0.2,1.648,18.2
our-hobbies,12,2023-06-15T04:50:13.929000+00:00,2023-06-15T05:22:34.804000+00:00,29,2,75.9,13.8,0.07,1.648,17.59
our-hobbies,13,2026-04-11T20:31:29.219000+00:00,2026-04-12T18:50:58.414000+00:00,29,5,34.5,10.3,0.45,1.648,17.59
our-hobbies,14,2023-01-22T21:17:57.002000+00:00,2023-01-23T02:28:10.153000+00:00,27,6,44.4,3.7,0.37,1.648,16.38
our-hobbies,15,2025-10-27T17:45:04.020000+00:00,2025-10-28T17:44:28.244000+00:00,27,6,55.6,59.3,0.37,1.648,16.38
our-hobbies,16,2024-03-11T15:22:10.570000+00:00,2024-03-12T14:30:09.060000+00:00,26,7,50.0,23.1,0.12,1.648,15.77
our-hobbies,17,2026-01-18T21:46:35.896000+00:00,2026-01-19T21:40:42.106000+00:00,25,4,48.0,4.0,0.04,1.648,15.17
our-hobbies,18,2025-03-30T11:39:35.082000+00:00,2025-03-30T21:49:25.408000+00:00,24,2,50.0,12.5,0.12,1.648,14.56
our-hobbies,19,2024-12-18T17:49:53.508000+00:00,2024-12-19T12:50:39.703000+00:00,23,5,47.8,8.7,0.13,1.648,13.95
our-hobbies,20,2025-12-11T22:29:18.169000+00:00,2025-12-12T19:37:00.609000+00:00,23,5,43.5,13.0,0.13,1.648,13.95
pking,1,2021-12-01T11:42:14.695000+00:00,2021-12-02T07:55:19.390000+00:00,135,8,45.9,8.1,0.21,1.572,85.86
pking,2,2021-03-31T23:26:34.461000+00:00,2021-04-01T22:06:28.964000+00:00,100,9,25.0,5.0,0.06,1.572,63.6
pking,3,2021-11-05T05:10:15.776000+00:00,2021-11-06T03:48:19.477000+00:00,98,17,23.5,8.2,0.16,1.572,62.33
pking,4,2021-09-24T13:09:06.843000+00:00,2021-09-25T12:54:18.681000+00:00,71,7,45.1,2.8,0.08,1.572,45.16
pking,5,2021-04-14T21:29:38.812000+00:00,2021-04-15T15:09:23.672000+00:00,65,7,27.7,4.6,0.06,1.572,41.34
pking,6,2022-01-16T11:49:07.010000+00:00,2022-01-17T00:22:41.256000+00:00,59,10,39.0,3.4,0.63,1.572,37.52
pking,7,2021-04-10T16:12:20.821000+00:00,2021-04-10T19:38:28.254000+00:00,58,4,44.8,1.7,0.0,1.572,36.89
pking,8,2024-06-26T03:42:01.832000+00:00,2024-06-26T22:01:10.864000+00:00,58,10,25.9,5.2,0.19,1.572,36.89
pking,9,2021-08-07T01:30:09.737000+00:00,2021-08-07T22:45:34.884000+00:00,55,9,34.5,12.7,0.02,1.572,34.98
pking,10,2021-03-26T20:02:51.833000+00:00,2021-03-27T17:14:27.388000+00:00,52,14,32.7,9.6,0.17,1.572,33.07
pking,11,2022-01-06T23:11:54.693000+00:00,2022-01-07T16:44:28.828000+00:00,47,5,44.7,10.6,0.02,1.572,29.89
pking,12,2024-06-29T15:35:21.408000+00:00,2024-06-29T16:06:31.732000+00:00,47,6,44.7,19.1,0.0,1.572,29.89
pking,13,2021-03-13T15:54:23.695000+00:00,2021-03-13T16:11:16.926000+00:00,43,2,51.2,0.0,0.05,1.572,27.35
pking,14,2021-07-20T16:12:19.726000+00:00,2021-07-20T21:19:26.120000+00:00,40,6,57.5,2.5,0.12,1.572,25.44
pking,15,2021-09-22T12:07:50.803000+00:00,2021-09-22T23:51:31.813000+00:00,39,8,28.2,0.0,0.0,1.572,24.8
pking,16,2021-12-30T03:53:16.001000+00:00,2021-12-31T03:41:49.372000+00:00,38,7,28.9,5.3,0.39,1.572,24.17
pking,17,2022-01-09T14:55:06.950000+00:00,2022-01-10T11:13:39.507000+00:00,37,11,24.3,8.1,0.19,1.572,23.53
pking,18,2024-06-21T00:07:16.206000+00:00,2024-06-21T22:34:46.150000+00:00,37,9,29.7,10.8,0.19,1.572,23.53
pking,19,2021-12-14T00:17:06.418000+00:00,2021-12-14T23:41:52.530000+00:00,36,7,38.9,11.1,0.33,1.572,22.9
pking,20,2024-06-15T22:40:40.903000+00:00,2024-06-16T19:35:37.990000+00:00,35,10,22.9,11.4,0.26,1.572,22.26
pking-multi,1,2024-08-05T16:10:52.686000+00:00,2024-08-06T02:19:16.959000+00:00,30,2,96.7,26.7,0.0,0.038,796.25
pking-multi,2,2024-08-13T23:29:53.325000+00:00,2024-08-14T00:18:18.032000+00:00,8,1,100.0,12.5,0.0,0.038,212.33
pokemon-go-to-the-polls,1,2024-11-05T14:59:03.396000+00:00,2024-11-06T14:52:13.117000+00:00,271,34,9.6,23.2,0.31,1.066,254.31
pokemon-go-to-the-polls,2,2024-09-10T22:20:24.465000+00:00,2024-09-11T22:19:44.582000+00:00,86,13,19.8,25.6,0.35,1.066,80.7
pokemon-go-to-the-polls,3,2024-08-30T21:12:11.478000+00:00,2024-08-31T18:03:04.816000+00:00,67,22,16.4,34.3,0.4,1.066,62.87
pokemon-go-to-the-polls,4,2024-11-07T15:19:36.354000+00:00,2024-11-08T09:29:24.691000+00:00,30,12,26.7,30.0,0.4,1.066,28.15
pokemon-go-to-the-polls,5,2024-11-01T22:57:14.887000+00:00,2024-11-02T17:53:38.908000+00:00,23,7,26.1,30.4,0.04,1.066,21.58
pokemon-go-to-the-polls,6,2024-09-23T02:41:46.869000+00:00,2024-09-24T00:06:08.114000+00:00,22,4,50.0,50.0,0.0,1.066,20.65
pokemon-go-to-the-polls,7,2024-11-09T20:09:29.482000+00:00,2024-11-10T17:32:03.382000+00:00,20,6,35.0,15.0,0.0,1.066,18.77
pokemon-go-to-the-polls,8,2024-10-02T01:05:22.124000+00:00,2024-10-02T20:39:03.964000+00:00,17,7,35.3,17.6,0.06,1.066,15.95
pokemon-go-to-the-polls,9,2024-10-24T19:18:44.238000+00:00,2024-10-25T19:06:06.908000+00:00,15,8,33.3,26.7,0.27,1.066,14.08
pokemon-go-to-the-polls,10,2024-10-22T14:14:04.681000+00:00,2024-10-22T20:07:01.448000+00:00,10,6,30.0,20.0,0.3,1.066,9.38
pokemon-go-to-the-polls,11,2024-09-25T00:14:44.594000+00:00,2024-09-25T22:39:33.674000+00:00,9,6,33.3,44.4,0.78,1.066,8.45
pokemon-go-to-the-polls,12,2024-10-08T18:06:15.495000+00:00,2024-10-09T11:37:42.935000+00:00,9,7,33.3,11.1,0.78,1.066,8.45
pokemon-go-to-the-polls,13,2024-10-31T02:12:43.056000+00:00,2024-11-01T01:28:40.476000+00:00,8,2,50.0,0.0,0.38,1.066,7.51
pokemon-go-to-the-polls,14,2024-11-11T17:51:28.651000+00:00,2024-11-12T10:33:00.025000+00:00,8,6,37.5,25.0,2.25,1.066,7.51
pokemon-go-to-the-polls,15,2024-09-19T20:42:21.252000+00:00,2024-09-19T21:29:21.142000+00:00,6,3,50.0,50.0,0.33,1.066,5.63
pokemon-go-to-the-polls,16,2024-09-27T03:20:28.551000+00:00,2024-09-27T11:14:48.670000+00:00,6,3,66.7,33.3,0.33,1.066,5.63
pokemon-go-to-the-polls,17,2024-09-28T14:20:24.810000+00:00,2024-09-28T21:49:46.321000+00:00,5,4,40.0,0.0,1.2,1.066,4.69
pokemon-go-to-the-polls,18,2024-10-28T21:17:48.307000+00:00,2024-10-29T17:53:27.659000+00:00,5,3,40.0,0.0,0.8,1.066,4.69
qpw-repository,1,2021-09-23T12:26:36.998000+00:00,2021-09-24T00:03:07.267000+00:00,26,10,23.1,11.5,0.73,0.14,186.0
qpw-repository,2,2023-03-19T09:10:02.354000+00:00,2023-03-19T14:33:14.952000+00:00,26,6,38.5,11.5,0.19,0.14,186.0
qpw-repository,3,2021-07-18T17:41:42.803000+00:00,2021-07-19T08:00:31.403000+00:00,10,2,70.0,0.0,1.0,0.14,71.54
qpw-repository,4,2021-08-28T01:57:35.134000+00:00,2021-08-28T16:16:02.595000+00:00,9,4,66.7,0.0,0.0,0.14,64.38
qpw-repository,5,2021-12-20T19:35:24.303000+00:00,2021-12-21T12:48:36.855000+00:00,9,6,33.3,11.1,1.11,0.14,64.38
qpw-repository,6,2026-01-26T00:55:54.407000+00:00,2026-01-26T14:36:08.750000+00:00,8,5,37.5,62.5,0.75,0.14,57.23
qpw-repository,7,2021-10-15T20:14:18.861000+00:00,2021-10-16T05:27:12.525000+00:00,7,3,57.1,0.0,0.57,0.14,50.08
qpw-repository,8,2023-02-16T05:55:07.897000+00:00,2023-02-16T23:50:21.189000+00:00,7,5,28.6,0.0,0.43,0.14,50.08
qpw-repository,9,2023-12-26T15:55:35.977000+00:00,2023-12-26T17:36:59.369000+00:00,7,3,57.1,0.0,0.0,0.14,50.08
qpw-repository,10,2021-10-03T20:23:58.284000+00:00,2021-10-03T21:03:58.355000+00:00,6,5,33.3,0.0,1.17,0.14,42.92
qpw-repository,11,2022-06-11T20:35:09.006000+00:00,2022-06-11T23:32:37.274000+00:00,6,4,33.3,16.7,0.0,0.14,42.92
qpw-repository,12,2022-07-12T18:18:13.975000+00:00,2022-07-13T15:41:05.950000+00:00,6,2,66.7,0.0,0.17,0.14,42.92
qpw-repository,13,2022-03-28T10:16:20.879000+00:00,2022-03-28T13:57:59.316000+00:00,5,3,60.0,0.0,0.2,0.14,35.77
qpw-repository,14,2023-04-22T00:16:33.005000+00:00,2023-04-22T15:50:11.626000+00:00,5,4,40.0,0.0,2.6,0.14,35.77
raids-records,1,2021-04-30T17:05:25.145000+00:00,2021-04-30T19:47:27.225000+00:00,39,5,48.7,0.0,0.03,0.188,207.18
raids-records,2,2021-05-30T22:23:25.147000+00:00,2021-05-31T19:54:18.845000+00:00,37,10,21.6,16.2,0.16,0.188,196.56
raids-records,3,2021-04-22T13:11:46.170000+00:00,2021-04-23T12:48:56.244000+00:00,32,9,28.1,3.1,0.12,0.188,170.0
raids-records,4,2021-04-24T15:22:43.464000+00:00,2021-04-25T12:40:50.800000+00:00,32,10,25.0,12.5,0.41,0.188,170.0
raids-records,5,2021-03-10T00:37:49.391000+00:00,2021-03-10T11:44:41.027000+00:00,25,5,56.0,4.0,0.04,0.188,132.81
raids-records,6,2021-05-09T11:52:14.755000+00:00,2021-05-09T14:18:21.623000+00:00,19,4,36.8,0.0,0.0,0.188,100.94
raids-records,7,2021-06-14T02:43:13.445000+00:00,2021-06-14T09:13:01.181000+00:00,15,5,46.7,0.0,0.0,0.188,79.69
raids-records,8,2021-06-28T06:08:36.452000+00:00,2021-06-28T12:28:26.756000+00:00,15,5,40.0,6.7,0.0,0.188,79.69
raids-records,9,2021-05-13T04:27:23.450000+00:00,2021-05-13T13:50:31.056000+00:00,12,5,50.0,0.0,0.0,0.188,63.75
raids-records,10,2021-08-12T06:23:55.246000+00:00,2021-08-12T07:21:32.561000+00:00,10,3,60.0,0.0,0.0,0.188,53.12
raids-records,11,2021-04-02T02:29:38.470000+00:00,2021-04-02T03:10:44.329000+00:00,9,2,55.6,11.1,0.0,0.188,47.81
raids-records,12,2021-04-29T14:26:00.430000+00:00,2021-04-29T15:29:44.852000+00:00,9,3,55.6,11.1,0.11,0.188,47.81
raids-records,13,2021-05-18T23:56:27.636000+00:00,2021-05-19T18:25:28.003000+00:00,9,3,77.8,11.1,0.0,0.188,47.81
raids-records,14,2021-04-09T02:31:21.961000+00:00,2021-04-09T07:10:33.537000+00:00,8,2,87.5,0.0,0.0,0.188,42.5
raids-records,15,2021-06-04T14:36:39.621000+00:00,2021-06-04T22:03:27.788000+00:00,8,4,37.5,0.0,0.0,0.188,42.5
raids-records,16,2021-08-21T03:48:05.477000+00:00,2021-08-21T11:35:56.529000+00:00,8,4,50.0,0.0,0.0,0.188,42.5
raids-records,17,2021-04-07T01:50:38.119000+00:00,2021-04-08T01:34:05.451000+00:00,6,2,83.3,16.7,0.17,0.188,31.87
raids-records,18,2021-08-22T11:40:19.586000+00:00,2021-08-22T13:14:35.946000+00:00,6,3,50.0,0.0,0.0,0.188,31.87
raids-records,19,2021-03-11T19:51:01.633000+00:00,2021-03-12T08:14:34.689000+00:00,5,3,60.0,0.0,0.0,0.188,26.56
raids-records,20,2021-10-01T03:58:53.030000+00:00,2021-10-01T14:14:21.493000+00:00,5,4,40.0,20.0,0.0,0.188,26.56
seasonal-modes,1,2026-04-07T15:40:41.663000+00:00,2026-04-08T15:35:39.490000+00:00,469,13,33.3,7.0,0.05,4.233,110.81
seasonal-modes,2,2024-11-25T16:35:07.178000+00:00,2024-11-26T15:49:59.534000+00:00,336,12,18.2,9.8,0.07,4.233,79.38
seasonal-modes,3,2023-11-14T14:47:09.408000+00:00,2023-11-15T14:26:08.951000+00:00,308,17,33.1,11.4,0.06,4.233,72.77
seasonal-modes,4,2026-04-10T17:03:07.987000+00:00,2026-04-11T17:00:12.264000+00:00,226,9,35.8,6.2,0.04,4.233,53.39
seasonal-modes,5,2026-04-13T15:09:40.667000+00:00,2026-04-14T15:09:18.743000+00:00,210,13,21.9,11.4,0.08,4.233,49.61
seasonal-modes,6,2023-11-17T04:03:07.435000+00:00,2023-11-18T03:59:17.877000+00:00,208,17,18.3,6.7,0.1,4.233,49.14
seasonal-modes,7,2026-02-05T17:53:33.540000+00:00,2026-02-06T12:03:41.348000+00:00,183,12,28.4,19.1,0.16,4.233,43.24
seasonal-modes,8,2026-04-09T16:10:22.136000+00:00,2026-04-10T16:09:35.780000+00:00,168,8,41.7,7.1,0.01,4.233,39.69
seasonal-modes,9,2024-11-19T15:06:03.941000+00:00,2024-11-20T15:01:02.429000+00:00,154,12,30.5,3.2,0.13,4.233,36.38
seasonal-modes,10,2024-11-13T15:16:51.088000+00:00,2024-11-14T15:16:45.080000+00:00,148,11,39.2,6.1,0.11,4.233,34.97
seasonal-modes,11,2021-08-25T04:28:41.964000+00:00,2021-08-26T03:35:42.723000+00:00,109,13,27.5,4.6,0.04,4.233,25.75
seasonal-modes,12,2023-11-12T17:58:13.539000+00:00,2023-11-13T17:50:29.054000+00:00,108,10,41.7,6.5,0.06,4.233,25.52
seasonal-modes,13,2023-11-06T22:52:13.385000+00:00,2023-11-07T21:25:09.640000+00:00,107,12,52.3,0.9,0.07,4.233,25.28
seasonal-modes,14,2023-11-27T17:24:49.997000+00:00,2023-11-28T17:10:09.018000+00:00,99,9,26.3,17.2,0.1,4.233,23.39
seasonal-modes,15,2023-08-24T15:42:09.618000+00:00,2023-08-25T15:41:57.807000+00:00,92,12,26.1,7.6,0.02,4.233,21.74
seasonal-modes,16,2025-10-14T13:05:23.088000+00:00,2025-10-15T12:14:02.833000+00:00,88,12,28.4,10.2,0.12,4.233,20.79
seasonal-modes,17,2023-11-22T20:24:12.556000+00:00,2023-11-23T20:00:09.027000+00:00,85,16,22.4,7.1,0.18,4.233,20.08
seasonal-modes,18,2023-11-19T08:45:24.341000+00:00,2023-11-20T08:04:54.789000+00:00,79,18,13.9,7.6,0.32,4.233,18.66
seasonal-modes,19,2025-10-17T19:36:08.637000+00:00,2025-10-18T18:52:49.082000+00:00,79,12,17.7,20.3,0.13,4.233,18.66
seasonal-modes,20,2024-11-21T16:02:29.454000+00:00,2024-11-22T16:02:08.296000+00:00,78,12,19.2,6.4,0.06,4.233,18.43
spec-comparisons,1,2021-09-19T23:37:30.245000+00:00,2021-09-20T23:16:51.291000+00:00,115,7,61.7,11.3,0.14,0.091,1267.37
spec-comparisons,2,2021-09-17T15:11:20.772000+00:00,2021-09-17T23:09:26.427000+00:00,45,5,86.7,11.1,0.13,0.091,495.93
sports-isolation-zone,1,2026-07-06T18:53:09.668000+00:00,2026-07-07T18:07:52.955000+00:00,543,16,27.6,16.4,0.28,3.846,141.17
sports-isolation-zone,2,2026-06-29T17:29:47.667000+00:00,2026-06-30T16:48:05.843000+00:00,151,8,35.8,9.3,0.15,3.846,39.26
sports-isolation-zone,3,2026-07-01T17:05:30.500000+00:00,2026-07-02T17:03:55.095000+00:00,113,12,40.7,4.4,0.19,3.846,29.38
sports-isolation-zone,4,2026-07-09T21:24:27.165000+00:00,2026-07-10T21:09:11.261000+00:00,107,10,31.8,19.6,0.19,3.846,27.82
sports-isolation-zone,5,2026-07-11T21:37:57.278000+00:00,2026-07-12T19:58:11.120000+00:00,105,11,26.7,9.5,0.17,3.846,27.3
sports-isolation-zone,6,2026-07-15T14:15:42.606000+00:00,2026-07-16T10:51:58.796000+00:00,95,13,30.5,13.7,0.37,3.846,24.7
sports-isolation-zone,7,2022-05-19T19:35:57.057000+00:00,2022-05-20T17:26:57.279000+00:00,86,8,38.4,5.8,0.03,3.846,22.36
sports-isolation-zone,8,2023-02-14T20:00:13.582000+00:00,2023-02-15T00:59:56.746000+00:00,66,4,63.6,1.5,0.0,3.846,17.16
sports-isolation-zone,9,2026-07-05T07:43:22.779000+00:00,2026-07-06T04:36:26.472000+00:00,65,9,40.0,10.8,0.12,3.846,16.9
sports-isolation-zone,10,2026-05-30T16:01:50.432000+00:00,2026-05-31T12:26:39.289000+00:00,64,7,25.0,7.8,0.16,3.846,16.64
sports-isolation-zone,11,2025-11-04T11:25:45.766000+00:00,2025-11-05T07:55:18.565000+00:00,58,9,29.3,15.5,0.24,3.846,15.08
sports-isolation-zone,12,2026-06-23T01:08:48.995000+00:00,2026-06-24T00:59:18.445000+00:00,58,8,36.2,22.4,0.21,3.846,15.08
sports-isolation-zone,13,2026-06-25T12:17:37.270000+00:00,2026-06-26T04:01:43.134000+00:00,58,6,41.4,8.6,0.38,3.846,15.08
sports-isolation-zone,14,2022-10-15T18:48:59.275000+00:00,2022-10-16T17:28:37.466000+00:00,55,5,49.1,9.1,0.02,3.846,14.3
sports-isolation-zone,15,2025-12-11T01:38:18.775000+00:00,2025-12-12T00:40:17.450000+00:00,50,10,18.0,20.0,0.2,3.846,13.0
sports-isolation-zone,16,2023-04-30T22:38:32.852000+00:00,2023-05-01T21:54:29.486000+00:00,46,10,39.1,4.3,0.35,3.846,11.96
sports-isolation-zone,17,2022-11-09T20:06:47.309000+00:00,2022-11-10T17:29:23.025000+00:00,43,7,32.6,9.3,0.0,3.846,11.18
sports-isolation-zone,18,2026-06-11T00:36:43.631000+00:00,2026-06-11T18:59:13.311000+00:00,43,7,34.9,14.0,0.33,3.846,11.18
sports-isolation-zone,19,2022-05-22T00:44:18.466000+00:00,2022-05-22T18:49:21.994000+00:00,42,7,38.1,2.4,0.05,3.846,10.92
sports-isolation-zone,20,2022-05-02T15:44:31.359000+00:00,2022-05-02T16:37:07.199000+00:00,41,6,31.7,2.4,0.1,3.846,10.66
suggestions,1,2026-03-18T13:16:07.795000+00:00,2026-03-19T12:58:06.834000+00:00,233,22,21.9,15.0,0.34,1.781,130.81
suggestions,2,2025-05-22T20:46:34.335000+00:00,2025-05-23T20:45:34.747000+00:00,228,17,22.8,10.1,0.21,1.781,128.01
suggestions,3,2025-02-20T22:33:26.322000+00:00,2025-02-21T22:16:49.071000+00:00,139,14,24.5,15.8,0.68,1.781,78.04
suggestions,4,2026-07-13T23:40:31.426000+00:00,2026-07-14T18:17:54.490000+00:00,132,22,21.2,34.1,0.94,1.781,74.11
suggestions,5,2026-02-28T00:12:54.263000+00:00,2026-02-28T23:51:18.176000+00:00,125,19,24.0,25.6,1.2,1.781,70.18
suggestions,6,2021-12-12T12:26:08.548000+00:00,2021-12-13T08:07:20.037000+00:00,110,9,51.8,6.4,0.4,1.781,61.76
suggestions,7,2026-04-29T09:34:06.399000+00:00,2026-04-29T21:01:42.281000+00:00,89,13,32.6,20.2,0.3,1.781,49.97
suggestions,8,2021-10-08T00:48:43.784000+00:00,2021-10-08T15:04:22.871000+00:00,76,8,26.3,7.9,0.28,1.781,42.67
suggestions,9,2025-12-10T08:38:46.305000+00:00,2025-12-11T05:43:32.613000+00:00,67,14,44.8,29.9,1.48,1.781,37.62
suggestions,10,2022-03-18T16:15:30.305000+00:00,2022-03-19T10:04:57.437000+00:00,64,8,40.6,9.4,0.02,1.781,35.93
suggestions,11,2024-01-09T18:32:16.259000+00:00,2024-01-10T18:13:51.379000+00:00,48,12,43.8,25.0,0.52,1.781,26.95
suggestions,12,2021-08-09T14:59:46.374000+00:00,2021-08-10T12:07:00.148000+00:00,46,13,52.2,4.3,0.22,1.781,25.83
suggestions,13,2026-03-07T16:40:16.597000+00:00,2026-03-08T13:04:38.893000+00:00,43,11,23.3,20.9,0.88,1.781,24.14
suggestions,14,2021-04-07T11:52:27.189000+00:00,2021-04-08T09:26:04.380000+00:00,41,6,36.6,9.8,0.02,1.781,23.02
suggestions,15,2021-10-15T14:44:32.446000+00:00,2021-10-16T14:25:35.835000+00:00,40,9,40.0,10.0,0.12,1.781,22.46
suggestions,16,2021-10-04T14:14:57.411000+00:00,2021-10-05T12:55:39.582000+00:00,39,12,25.6,7.7,0.33,1.781,21.9
suggestions,17,2020-12-29T12:58:23.506000+00:00,2020-12-29T13:13:38.928000+00:00,37,3,40.5,0.0,0.05,1.781,20.77
suggestions,18,2026-06-11T11:17:53.996000+00:00,2026-06-11T19:36:28.346000+00:00,37,10,21.6,27.0,0.54,1.781,20.77
suggestions,19,2026-05-15T02:17:28.690000+00:00,2026-05-15T22:15:08.277000+00:00,36,15,19.4,25.0,0.28,1.781,20.21
suggestions,20,2021-08-11T20:38:33.951000+00:00,2021-08-12T18:11:10.863000+00:00,31,10,25.8,9.7,0.0,1.781,17.4
summeringo,1,2023-07-20T18:59:07.812000+00:00,2023-07-21T16:55:50.282000+00:00,28,12,14.3,0.0,0.64,0.055,509.66
summeringo,2,2023-07-24T22:00:05.463000+00:00,2023-07-25T19:25:55.448000+00:00,23,8,21.7,13.0,1.22,0.055,418.65
summeringo-proof,1,2023-07-21T16:24:56.433000+00:00,2023-07-22T12:43:47.837000+00:00,138,22,19.6,10.1,0.26,0.415,332.43
summeringo-proof,2,2023-07-25T06:01:08.313000+00:00,2023-07-26T05:59:38.017000+00:00,108,22,14.8,8.3,0.82,0.415,260.16
summeringo-proof,3,2023-07-23T14:16:03.730000+00:00,2023-07-24T13:39:48.806000+00:00,67,23,10.4,3.0,0.4,0.415,161.4
summeringo-proof,4,2023-07-27T08:24:02.943000+00:00,2023-07-28T06:54:36.310000+00:00,33,11,21.2,3.0,0.64,0.415,79.49
summeringo-proof,5,2023-07-29T10:03:08.737000+00:00,2023-07-30T10:01:29.213000+00:00,22,10,18.2,0.0,1.27,0.415,53.0
text-for-vc,1,2021-11-24T05:15:53.406000+00:00,2021-11-25T05:05:43.271000+00:00,367,16,33.5,4.6,0.02,11.146,32.93
text-for-vc,2,2025-09-09T07:08:07.645000+00:00,2025-09-10T06:35:41.499000+00:00,258,7,57.0,3.5,0.21,11.146,23.15
text-for-vc,3,2021-11-20T18:48:38.187000+00:00,2021-11-21T18:11:54.558000+00:00,232,15,43.1,5.2,0.06,11.146,20.81
text-for-vc,4,2023-10-19T01:06:14.401000+00:00,2023-10-20T00:59:51.866000+00:00,229,6,68.1,0.0,0.0,11.146,20.54
text-for-vc,5,2022-03-16T18:06:19.838000+00:00,2022-03-17T17:15:16.272000+00:00,217,15,18.4,6.5,0.06,11.146,19.47
text-for-vc,6,2021-12-12T10:33:56.808000+00:00,2021-12-13T09:26:56.225000+00:00,216,19,21.8,1.9,0.02,11.146,19.38
text-for-vc,7,2021-12-09T03:42:55.029000+00:00,2021-12-10T03:36:56.398000+00:00,214,16,35.5,5.6,0.07,11.146,19.2
text-for-vc,8,2022-01-07T09:43:14.112000+00:00,2022-01-08T09:19:42.747000+00:00,168,23,13.1,6.5,0.11,11.146,15.07
text-for-vc,9,2022-01-11T18:39:07.909000+00:00,2022-01-12T16:44:51.726000+00:00,165,16,29.1,7.3,0.07,11.146,14.8
text-for-vc,10,2024-04-13T06:07:12.285000+00:00,2024-04-14T05:28:51.361000+00:00,162,10,76.5,0.0,0.02,11.146,14.53
text-for-vc,11,2024-01-13T22:31:20.440000+00:00,2024-01-14T21:17:08.390000+00:00,161,6,95.7,0.0,0.01,11.146,14.44
text-for-vc,12,2021-12-06T12:40:35.473000+00:00,2021-12-07T11:49:56.565000+00:00,144,18,27.1,4.9,0.1,11.146,12.92
text-for-vc,13,2021-11-29T06:18:41.215000+00:00,2021-11-30T06:17:55.882000+00:00,137,12,56.9,5.1,0.05,11.146,12.29
text-for-vc,14,2021-11-13T01:22:16.091000+00:00,2021-11-13T22:18:15.141000+00:00,136,12,36.0,6.6,0.01,11.146,12.2
text-for-vc,15,2021-12-27T07:00:16.532000+00:00,2021-12-28T06:15:35.992000+00:00,126,11,27.8,4.0,0.05,11.146,11.3
text-for-vc,16,2025-10-11T00:15:54.373000+00:00,2025-10-11T23:22:16.532000+00:00,105,5,79.0,3.8,0.13,11.146,9.42
text-for-vc,17,2021-12-23T10:51:35.355000+00:00,2021-12-24T04:50:41.603000+00:00,104,18,18.3,3.8,0.03,11.146,9.33
text-for-vc,18,2021-11-27T23:55:12.533000+00:00,2021-11-28T20:45:41.483000+00:00,103,12,54.4,1.9,0.06,11.146,9.24
text-for-vc,19,2025-02-04T02:24:27.612000+00:00,2025-02-04T18:07:13.539000+00:00,102,5,87.3,2.0,0.04,11.146,9.15
text-for-vc,20,2021-12-26T04:22:56.471000+00:00,2021-12-27T04:01:17.889000+00:00,95,18,46.3,4.2,0.11,11.146,8.52
town-hall,1,2023-09-18T23:13:20.581000+00:00,2023-09-19T23:11:18.246000+00:00,429,16,23.5,27.3,0.35,2.623,163.56
town-hall,2,2022-01-24T21:24:11.416000+00:00,2022-01-25T20:08:05.929000+00:00,227,20,22.0,19.8,0.79,2.623,86.55
town-hall,3,2025-03-14T18:43:08.362000+00:00,2025-03-15T18:01:38.034000+00:00,179,27,19.6,33.5,1.21,2.623,68.24
town-hall,4,2025-04-01T08:12:07.940000+00:00,2025-04-02T04:02:10.296000+00:00,164,24,20.1,20.7,0.35,2.623,62.53
town-hall,5,2023-03-29T11:19:31.256000+00:00,2023-03-30T08:27:24.184000+00:00,124,25,14.5,12.9,1.74,2.623,47.28
town-hall,6,2022-11-04T01:21:02.431000+00:00,2022-11-04T20:39:34.689000+00:00,122,12,30.3,18.0,1.57,2.623,46.51
town-hall,7,2025-04-08T08:13:12.034000+00:00,2025-04-09T04:16:16.301000+00:00,113,11,29.2,28.3,0.54,2.623,43.08
town-hall,8,2021-05-29T00:25:50.545000+00:00,2021-05-29T23:58:57.923000+00:00,92,11,38.0,13.0,4.4,2.623,35.08
town-hall,9,2021-10-08T14:14:43.868000+00:00,2021-10-09T11:59:05.609000+00:00,92,18,25.0,20.7,0.55,2.623,35.08
town-hall,10,2021-12-14T16:14:04.222000+00:00,2021-12-15T08:01:31.672000+00:00,92,12,31.5,10.9,0.34,2.623,35.08
town-hall,11,2022-11-09T23:37:48.526000+00:00,2022-11-10T23:18:39.247000+00:00,90,8,32.2,10.0,0.19,2.623,34.31
town-hall,12,2023-06-26T04:42:05.267000+00:00,2023-06-27T04:06:34.695000+00:00,86,14,19.8,22.1,0.63,2.623,32.79
town-hall,13,2025-02-21T22:16:04.207000+00:00,2025-02-22T20:14:06.575000+00:00,82,25,24.4,13.4,0.89,2.623,31.26
town-hall,14,2021-05-23T18:33:54.764000+00:00,2021-05-24T17:59:04.678000+00:00,80,10,27.5,16.2,0.26,2.623,30.5
town-hall,15,2025-03-21T19:11:36.886000+00:00,2025-03-22T19:11:01.831000+00:00,76,19,17.1,35.5,0.5,2.623,28.98
town-hall,16,2023-04-04T23:49:07.906000+00:00,2023-04-05T10:12:58.048000+00:00,72,15,22.2,13.9,0.94,2.623,27.45
town-hall,17,2026-03-05T22:55:48.053000+00:00,2026-03-06T22:49:05.534000+00:00,72,15,33.3,36.1,1.4,2.623,27.45
town-hall,18,2025-03-24T02:06:03.188000+00:00,2025-03-25T00:31:04.419000+00:00,71,14,42.3,26.8,0.37,2.623,27.07
town-hall,19,2022-12-09T19:58:39.293000+00:00,2022-12-10T16:35:55.693000+00:00,70,10,32.9,17.1,1.19,2.623,26.69
town-hall,20,2020-12-18T23:09:13.140000+00:00,2020-12-19T23:07:33.389000+00:00,65,7,40.0,1.5,0.02,2.623,24.78
trade-chat,1,2024-12-24T14:59:27.553000+00:00,2024-12-25T01:07:40.585000+00:00,17,9,17.6,23.5,0.24,0.083,205.92
trade-chat,2,2024-12-27T19:07:49.684000+00:00,2024-12-28T18:10:44.474000+00:00,7,6,28.6,14.3,0.29,0.083,84.79
usernames,1,2023-03-06T10:18:56.258000+00:00,2023-03-07T06:51:30.306000+00:00,52,15,17.3,9.6,0.29,2.464,21.1
usernames,2,2021-11-03T18:11:23.787000+00:00,2021-11-04T14:13:55.230000+00:00,47,14,23.4,10.6,0.15,2.464,19.07
usernames,3,2021-06-27T03:15:05.282000+00:00,2021-06-28T01:52:26.601000+00:00,39,7,51.3,0.0,0.28,2.464,15.83
usernames,4,2021-03-21T08:30:48.109000+00:00,2021-03-22T05:52:09.735000+00:00,35,6,60.0,5.7,0.0,2.464,14.2
usernames,5,2021-10-07T04:32:26.499000+00:00,2021-10-08T04:29:02.330000+00:00,28,7,46.4,3.6,0.07,2.464,11.36
usernames,6,2021-02-15T21:48:24.331000+00:00,2021-02-16T21:07:26.431000+00:00,27,4,40.7,3.7,0.11,2.464,10.96
usernames,7,2021-11-20T03:17:35.027000+00:00,2021-11-21T00:27:41.118000+00:00,27,12,18.5,3.7,0.07,2.464,10.96
usernames,8,2021-04-23T18:12:58.098000+00:00,2021-04-24T17:24:05.340000+00:00,25,8,36.0,4.0,0.56,2.464,10.14
usernames,9,2021-10-12T02:34:45.396000+00:00,2021-10-13T01:28:56.665000+00:00,25,12,20.0,8.0,0.24,2.464,10.14
usernames,10,2021-10-20T14:12:40.708000+00:00,2021-10-21T14:11:41.339000+00:00,25,12,20.0,12.0,0.16,2.464,10.14
usernames,11,2021-07-31T04:20:00.841000+00:00,2021-08-01T01:46:52.249000+00:00,24,7,33.3,16.7,0.04,2.464,9.74
usernames,12,2021-11-23T05:32:38.797000+00:00,2021-11-24T02:02:35.880000+00:00,24,9,33.3,12.5,0.12,2.464,9.74
usernames,13,2021-10-09T04:29:41.900000+00:00,2021-10-10T03:47:20.273000+00:00,23,9,34.8,8.7,0.22,2.464,9.33
usernames,14,2021-11-10T02:14:55.281000+00:00,2021-11-11T01:57:06.373000+00:00,23,12,26.1,21.7,0.96,2.464,9.33
usernames,15,2021-11-29T01:50:16.237000+00:00,2021-11-29T22:03:55.689000+00:00,23,11,30.4,4.3,0.43,2.464,9.33
usernames,16,2021-01-27T20:24:36.082000+00:00,2021-01-28T19:06:32.638000+00:00,22,6,50.0,4.5,0.18,2.464,8.93
usernames,17,2023-03-14T18:03:57.033000+00:00,2023-03-15T17:59:26.099000+00:00,21,10,38.1,9.5,0.14,2.464,8.52
usernames,18,2021-02-06T04:44:54.311000+00:00,2021-02-06T18:37:07.116000+00:00,20,6,30.0,0.0,0.35,2.464,8.12
usernames,19,2021-02-27T11:38:02.695000+00:00,2021-02-28T00:21:55.880000+00:00,20,4,70.0,0.0,0.1,2.464,8.12
usernames,20,2021-09-28T22:20:33.564000+00:00,2021-09-29T20:14:31.061000+00:00,20,10,30.0,5.0,0.05,2.464,8.12
vc_greatest_hits,1,2021-07-14T14:58:48.422000+00:00,2021-07-14T22:22:15.903000+00:00,41,9,34.1,19.5,0.12,0.128,319.56
vc_greatest_hits,2,2021-07-03T12:16:19.510000+00:00,2021-07-03T23:21:43.731000+00:00,20,8,20.0,10.0,0.85,0.128,155.88
vc_greatest_hits,3,2022-01-09T18:21:23.275000+00:00,2022-01-10T05:54:58.081000+00:00,14,5,57.1,7.1,0.14,0.128,109.12
vc_greatest_hits,4,2022-01-06T23:41:38.099000+00:00,2022-01-07T20:35:05.710000+00:00,10,5,30.0,30.0,0.9,0.128,77.94
vc_greatest_hits,5,2021-11-19T23:59:15.261000+00:00,2021-11-20T21:52:25.140000+00:00,8,4,37.5,0.0,0.5,0.128,62.35
vc_greatest_hits,6,2021-07-17T23:12:11.144000+00:00,2021-07-18T16:51:20.518000+00:00,7,5,28.6,28.6,0.57,0.128,54.56
vc_greatest_hits,7,2026-02-26T05:52:24.547000+00:00,2026-02-27T05:12:03.374000+00:00,7,3,57.1,14.3,1.43,0.128,54.56
vc_greatest_hits,8,2021-09-02T23:51:43.607000+00:00,2021-09-03T03:44:01.990000+00:00,6,5,33.3,33.3,0.67,0.128,46.76
vc_greatest_hits,9,2021-09-15T06:20:11.508000+00:00,2021-09-15T16:01:41.480000+00:00,6,5,33.3,50.0,0.67,0.128,46.76
vc_greatest_hits,10,2021-10-27T18:21:35.878000+00:00,2021-10-28T16:12:21.994000+00:00,5,5,20.0,20.0,0.4,0.128,38.97
vc_greatest_hits,11,2021-12-04T19:32:52.024000+00:00,2021-12-05T11:18:38.121000+00:00,5,5,20.0,40.0,0.8,0.128,38.97
welcome,1,2022-01-21T03:04:33.267000+00:00,2022-01-21T03:05:32.606000+00:00,5,1,100.0,0.0,0.0,0.01,500.0
